,pressure,rmsvd,speed,yield
0,118,19.80054351175862,8.965374858093961,136571
1,161,24.746248169752857,11.186099377594571,136571
2,212,27.5195843315051,13.046358695176266,136554
3,273,25.1785099802657,13.729698735247064,136561
4,344,22.307054191615855,13.135569477871956,136556
5,425,18.685758730355857,11.217845960690312,136571
6,516,15.163448746375545,8.551109119160706,136520
7,618,12.793814511209678,7.531876733213544,135969
8,730,10.402510147726227,6.386919556065558,134995
