,pressure,rmsvd,speed,yield,angle
0,828,7.029899927085864,9.854794813280774,24594,44.53239791881634
1,707,7.055100144479948,10.30305847004956,23689,42.62842105123583
2,597,7.034256598907924,10.60525853996152,21771,40.67266266172297
3,497,7.032502596980755,11.083627444497209,19563,37.42192605350441
4,408,7.025991655050655,11.761680671940125,17170,34.00147828520605
5,329,7.019243519219996,11.998959649438946,15851,33.143463728366015
6,260,7.020784849041947,12.567301328754658,12896,30.368677157856375
7,201,7.017899528635448,13.075977125030239,11724,28.280927975882694
8,152,7.009767819286624,13.359538135908375,12278,27.219556442922556
