,pressure,rmsvd,speed,yield
0,118,2.816600485609602,9.19569597979114,9947
1,161,2.7961418031483496,11.32890867400703,7338
2,212,2.7990703870964464,12.084654839227019,6325
3,273,2.8080465752115926,12.362103784900778,7270
4,344,2.769354957112049,11.132358837405611,8892
5,425,2.7973867843367626,8.977903743839962,12256
6,516,2.767626481039156,6.730510141584248,18101
7,618,2.774607288529942,5.853291265769141,21062
8,730,2.747503541600012,5.098381558608003,26921
