,pressure,rmsvd,speed,yield
0,118,6.5196086409757426,9.434099029942335,43786
1,161,6.680328289706039,11.40454383392342,34616
2,212,6.758224624072801,12.450108040652413,31599
3,273,6.70270467553378,12.542964899655951,35309
4,344,6.656641370860438,11.31672251283881,42110
5,425,6.501863147513678,9.602193392055506,54261
6,516,6.249785791961964,7.414054624127316,67942
7,618,6.1686954954307796,6.491933605077469,77545
8,730,5.961177060536607,5.650742865906696,88854
