,pressure,rmsvd,speed,yield,angle
0,828,19.234633865251464,78.64788222959488,133625,89.70293614079588
1,707,20.30029887175156,77.64746299321189,135686,90.30547133216304
2,597,21.81914381398883,77.14321730845927,136508,90.07322532267712
3,497,24.12692559292472,76.81973964088768,136927,89.91102089675529
4,408,27.574533932098568,76.9589786713919,136682,89.93467666420659
5,329,29.919041258228535,77.06658299644633,136711,89.9469143982695
6,260,35.03723296175562,76.94125233388363,136847,90.21755581857778
7,201,35.85907989817128,77.22149184727424,136375,89.53342314163925
8,152,33.157994815671714,76.96387758330582,136855,90.09316142569295
