,pressure,rmsvd,speed,yield,angle
0,828,5.966086439154539,8.237715985761259,102237,39.85998451558298
1,707,5.9870945998222656,8.43093622219385,98968,38.49851921282071
2,597,6.049234677284838,8.66412691826614,90108,37.19963473590651
3,497,6.080786396868094,8.984797177062992,80506,34.79690016678178
4,408,6.124331265539673,9.356081414338554,68857,32.70390986872124
5,329,6.1664758201084275,9.574706964736375,59193,31.818011702607038
6,260,6.235078619394651,9.919522264844407,50177,29.457114657144015
7,201,6.288019090519611,10.296530600865223,44543,27.494814944019943
8,152,6.379022113482141,10.426260167860164,46784,27.20645554568817
