,pressure,rmsvd,speed,yield,angle
0,828,2.810898575704281,8.265942304701253,3986,21.076888721008395
1,707,2.8388487662049435,8.83620996562121,3861,19.88634075157453
2,597,2.8090154987807394,9.138715958695343,3613,18.4535823046138
3,497,2.8325729945990514,10.031075725123463,3289,16.76644276246173
4,408,2.8206573363495444,10.58902032317432,2648,15.373461291846606
5,329,2.8300529192625854,11.11680670829435,2533,14.709063808055719
6,260,2.8469426802370696,11.938743465549347,2106,12.536500825320624
7,201,2.845591609135685,12.834028887658516,1916,11.416622075893104
8,152,2.8235397841698697,12.941897564801812,2057,11.554049352551383
