,pressure,rmsvd,speed,yield,angle
0,828,5.958646540339678,8.202260600602152,117581,39.71887624437455
1,707,5.953190799764165,8.261946704544195,116823,39.121160251410075
2,597,5.98673860897402,8.5193173751064,110630,37.52609870991679
3,497,6.014088111090329,8.73637646863554,102957,36.0289359038439
4,408,6.075498631324765,9.015435922472072,91594,34.14740808483865
5,329,6.095000138066287,9.32321889528527,82155,32.18816042536664
6,260,6.180865418750434,9.749200161302877,70388,29.986193340348866
7,201,6.2400005090268875,10.094200106478501,62905,28.397247863277347
8,152,6.206403009211333,9.759603314278245,66058,30.434450802333824
