,pressure,rmsvd,speed,yield,angle
0,828,19.28263841200172,68.29998484066498,153050,89.87419423405805
1,707,19.907885714404166,67.57973294355898,154649,90.0784060039297
2,597,21.098113872119896,67.0108102066847,156156,90.22585768197585
3,497,22.79026326498846,66.85886638687667,156412,90.01757838187349
4,408,25.58962246093965,66.91103445872062,156343,90.06572682977817
5,329,27.611972982677347,66.91920262354336,156303,90.2312507683154
6,260,32.62086617995892,66.90670427492073,156289,90.00346060146643
7,201,33.52281646502384,66.93492950157476,156263,89.90619728594704
8,152,31.071892081795053,66.89614794227516,156227,90.04027231712978
