,edges,rmse,shear,shear_era5
0,"-30,30",3.02337843393331,12.044940904333721,10.043018919045771
1,"30,70",2.9050182060910466,9.327347877718038,8.432946513470165
2,"-70,-30",3.8507077843976374,17.112276081575914,13.570785021776265
