,edges,rmse,shear,shear_era5
0,"-30,30",2.895635346074149,12.044940904333721,10.043018919045771
1,"30,70",2.8939143959373768,9.327347877718038,8.432946513470165
2,"-70,-30",3.4924453141724596,17.112276081575914,13.570785021776265
