,pressure,error_sum,speed_sum,denominator,yield
0,853,3613728.3847897374,117908.54523743763,9321.929167741011,11088
1,707,2607391.318505716,106713.63077254716,9503.787560314413,11308
2,497,4931741.752249416,135788.90379821075,9700.115099694049,11542
3,408,6574022.662128743,145871.56467134572,9625.007047323268,11464
