,pressure,error_sum,speed_sum,denominator,angle_sum,angle_denominator,yield
0,828,3694409.233730716,632925.9862886848,9846.303825862815,883748.4768343307,9844.711478696212,11595
1,707,4009553.894789929,628969.0362217657,10033.239050277643,910603.8741769126,10031.602305491539,11866
2,597,4545817.357275162,631728.7700480362,10160.9174803184,917028.9872854297,10160.9174803184,12032
3,497,5337145.252669117,631572.6064620978,10165.056103807703,925383.4806969067,10165.056103807703,12037
4,408,6704965.085774297,631983.7533471001,10164.5636802476,919394.686102154,10163.927602027321,12036
5,329,7693961.730081499,631133.488011474,10165.056103807703,910552.1565900693,10164.069818206166,12037
6,260,10736423.492973438,630767.3613797768,10164.705896426443,923685.6345271608,10163.710500228077,12036
7,201,11191849.734670267,631673.1918695623,10159.32761048362,914763.0774432224,10158.3513144765,12029
8,152,9812174.157235522,630148.2657270526,10154.774874403513,915539.1369997148,10153.794949698891,12024
