,pressure,error_sum,speed_sum,denominator,yield
0,853,3331670.2601966853,111259.34414079515,9025.111037680856,10569
1,707,2367664.1536466563,95200.50014345023,9312.547438449728,10948
2,497,3896872.4944582474,125781.24172646434,9358.298857776848,11014
3,408,5766515.173699683,136972.27222941924,9382.138176426055,11037
