,pressure,error_sum,speed_sum,denominator,yield
0,118,3646157.100444114,87329.26749449864,9476.442471356813,11206
1,161,5528958.776096522,112553.05035858756,9476.442471356813,11206
2,212,7455090.95935824,127704.35860083782,9476.442471356813,11206
3,273,5771559.597067074,139474.0953153917,9476.442471356813,11206
4,344,5018300.427358483,137748.87963173143,9474.207282578425,11203
5,425,3452874.7857917342,111390.3208354503,9476.442471356813,11206
6,516,2412215.6308070803,79353.76145259058,9476.442471356813,11206
7,618,1667734.7741719815,79541.46538348011,9452.413761172547,11177
8,730,1079277.272486879,61803.95594125441,9394.09259855057,11109
