,pressure,error_sum,speed_sum,denominator,angle_sum,angle_denominator,yield
0,828,3446082.22943571,631059.7345094422,9368.697265556351,846399.6791943597,9368.697265556351,11130
1,707,3749620.8223413737,632245.7657043485,9433.265151291518,851092.3712649138,9431.736406821798,11201
2,597,4207041.086213156,632263.70283596,9461.06405966468,857288.7986632284,9461.06405966468,11232
3,497,4938028.824557497,631149.3212106525,9480.26044902439,855588.0730777022,9479.523171687579,11255
4,408,6229127.98935676,630511.0870055666,9475.456602798702,858415.1493824056,9472.879123893392,11248
5,329,7165133.73773424,632999.092391608,9430.565354454875,849195.1537836523,9429.864445190575,11201
6,260,10385602.684846502,631695.0658454897,9459.662196132354,848937.3436933733,9458.858339271736,11233
7,201,11034311.136963205,632268.0105129209,9480.26044902439,850923.570017536,9479.417057578576,11255
8,152,9130821.252094094,631500.601273695,9480.26044902439,853839.6490111733,9479.263531690656,11255
