,pressure,error_sum,speed_sum,denominator,yield
0,853,190465.0925581962,7202.051386513571,441.3361994633467,624
1,707,152539.46826987213,5340.126543634597,507.21647433169073,710
2,497,448117.93352938886,10768.887731803838,505.0946371785525,707
3,408,308219.56632575224,7344.958474687453,506.4675186109018,709
