,pressure,error_sum,speed_sum,denominator,yield
0,118,3813350.3628231576,87102.08649189184,9376.76067099388,11030
1,161,5734055.7094763825,109297.50254916385,9376.76067099388,11030
2,212,6454682.99452819,128268.97763488276,9376.76067099388,11030
3,273,5386111.179613633,130982.48880885083,9376.76067099388,11030
4,344,4661264.908890122,126663.60185624243,9376.76067099388,11030
5,425,3224133.1446225415,114166.7576863896,9376.76067099388,11030
6,516,1711503.1487074145,83155.2274820219,9376.76067099388,11030
7,618,1358048.5516208443,76862.61714028505,9324.38417978651,10968
8,730,898960.8295881412,60731.157372240064,9332.628238129208,10977
