,pressure,error_sum,speed_sum,denominator,yield
0,118,3659082.03880114,85791.28056775616,9573.124219773003,11271
1,161,6061508.156071379,100464.70670879746,9573.124219773003,11271
2,212,7204639.215872318,128451.80969391392,9573.124219773003,11271
3,273,5534951.316277015,116433.92508266063,9573.124219773003,11271
4,344,4806175.401969645,121462.89787939627,9573.124219773003,11271
5,425,3182271.9363179985,89818.97924466245,9573.124219773003,11271
6,516,2093336.5367920748,69674.38834411978,9573.124219773003,11271
7,618,1444121.3552894131,66122.82746636792,9558.207167702702,11253
8,730,1003224.2460469448,59397.935248027294,9404.086816124218,11068
