,pressure,error_sum,speed_sum,denominator,yield
0,118,4296613.947387253,74829.08737971024,9686.112265947057,11447
1,161,6325632.756566234,105008.10442609315,9686.112265947057,11447
2,212,7057645.563609228,123209.92495168821,9686.112265947057,11447
3,273,6173837.4994233735,136983.26950501496,9686.112265947057,11447
4,344,4652946.048600149,129855.994181317,9686.112265947057,11447
5,425,3632439.058490629,117948.08707902394,9686.112265947057,11447
6,516,2171668.137520313,86447.7550740715,9686.112265947057,11447
7,618,1325722.8021893261,63069.91457009609,9674.451422094324,11433
8,730,1001876.1476055043,56095.488912692344,9567.60927302809,11308
