,pressure,error_sum,speed_sum,denominator,yield
0,853,2877226.969738943,116706.11904897331,9276.202574356465,10972
1,707,2336791.773370089,105197.99416119387,9573.062135325932,11329
2,497,3980952.2259982773,130702.55783582816,9624.789692998183,11398
3,408,6387098.307057265,158433.53943881064,9468.833219491426,11211
