,pressure,error_sum,speed_sum,denominator,yield
0,828,248750.7143937963,37296.28116374666,7969.440405938616,9260
1,707,241294.36244928613,37674.228559817246,7594.542902501942,8789
2,597,240495.6752546366,40380.78578141973,6907.277259381696,7912
3,497,242268.22991069974,42600.9117922477,6048.920477487622,6905
4,408,218300.01065150282,43705.56965787079,5454.06400529598,6158
5,329,171309.00074447223,41704.44346421352,4261.957372346374,4811
6,260,151277.17493727818,40214.858034781835,3598.972094206373,4123
7,201,138600.551178698,35473.693214276704,3287.868392402925,3737
8,152,139748.28359707844,37241.23856601679,3500.549437787967,3976
