,pressure,error_sum,speed_sum,denominator,angle_sum,angle_denominator,yield
0,828,3303221.097110876,630038.2806216739,9182.254742288229,818335.8938331002,9181.352157003881,10774
1,707,3540129.8357627476,629279.3003808263,9240.09002529543,833396.2545317657,9240.09002529543,10847
2,597,3994875.3748102617,631329.6879987674,9288.724053952756,839787.0172425929,9288.724053952756,10907
3,497,4621013.543301838,631401.3683378252,9298.717105033558,838114.573952489,9297.021007961881,10923
4,408,5833309.98243436,631213.6011202121,9323.226362633044,841660.2086574441,9322.55077242543,10948
5,329,6743732.10764972,631810.4432643525,9321.717000946655,842411.4103397977,9320.774359455563,10946
6,260,9354979.410282383,632916.8394451232,9323.848877269682,843964.0723007361,9323.848877269682,10949
7,201,10038432.324908597,631930.9980929842,9303.898021937342,842244.9395686052,9303.898021937342,10922
8,152,8733904.35168313,631250.4711574747,9302.976354499915,836057.1441887729,9302.976354499915,10925
