,pressure,error_sum,speed_sum,denominator,angle_sum,angle_denominator,yield
0,828,3632879.2484006807,633036.6769280182,9614.728204999179,866997.1927346792,9614.728204999179,11365
1,707,3827767.0050306204,632041.8475158206,9656.086561170534,870642.2530876724,9656.086561170534,11419
2,597,4342419.54731781,633102.766584443,9791.191554971007,881319.045881898,9789.477288896527,11587
3,497,5106632.144678345,630878.3220728402,9810.435715187477,884891.130718008,9810.435715187477,11610
4,408,6220193.694645826,631822.3873433414,9809.722464738323,881472.0172006472,9808.727068539956,11609
5,329,7338394.115140392,632833.026704474,9808.780072356894,894945.5269797487,9808.130624308566,11607
6,260,10254185.108992813,631177.9235611846,9807.043651967144,879706.9976225564,9806.044603745562,11606
7,201,10843645.698732521,632487.493929247,9771.410042101612,872584.6860872126,9770.47962453363,11559
8,152,9187263.208745409,630680.4344485289,9810.435715187477,885237.3167263,9809.452460279914,11610
