,pressure,error_sum,speed_sum,denominator,angle_sum,angle_denominator,yield
0,828,3485965.5634037144,629925.66258215,9354.486825292253,840570.0881665184,9354.486825292253,10973
1,707,3874565.390970349,632084.7417831293,9476.72134805079,843678.5590884783,9475.748978130394,11122
2,597,4550433.276853361,631260.0110619207,9503.828053703815,863734.2428529888,9502.941042870636,11155
3,497,5487271.325816304,629316.0395696503,9534.196013757079,853944.3020996345,9531.443326869867,11191
4,408,7019084.208124777,631677.6241172949,9534.999870617696,854557.7414837218,9534.999870617696,11192
5,329,8333925.86351323,631714.9489734023,9534.999870617696,858448.4692044719,9534.999870617696,11192
6,260,11575266.332106173,631747.4066418543,9534.298961353397,859665.3540192778,9533.585710904244,11191
7,201,11915562.656674637,630471.443448706,9525.678545182309,853350.4123606128,9524.825905017955,11178
8,152,10362575.661483876,631383.8247640239,9534.999870617696,855763.5112249854,9534.999870617696,11192
