,pressure,error_sum,speed_sum,denominator,angle_sum,angle_denominator,yield
0,828,2706884.8398751765,633210.764857216,7052.157123901469,631027.9520334556,7049.654997253714,8594
1,707,3095876.831096699,629977.1551557401,7249.8592024384125,647433.0680240748,7249.8592024384125,9035
2,597,3644253.943646293,633032.8093068181,7323.792187113778,661887.3705448061,7323.792187113778,9104
3,497,4467438.898180337,631815.2061585174,7335.651732997913,654056.2916986032,7335.651732997913,9138
4,408,5796704.07916117,629517.4865484925,7337.7591182318765,666841.8212179056,7336.906478067523,9149
5,329,6732233.174727241,631886.9486336331,7337.7591182318765,655972.20085034,7337.7591182318765,9149
6,260,9225294.17714507,631735.6697698944,7337.7591182318765,661141.9076968619,7337.7591182318765,9149
7,201,9680623.297907827,632206.3503090155,7195.423998928166,646899.5910272748,7195.423998928166,8943
8,152,8267240.491200517,630323.2817353099,7337.7591182318765,663478.3043658497,7337.7591182318765,9149
