,pressure,error_sum,speed_sum,denominator,yield
0,118,3446151.8160293987,73143.72457456774,8363.940878691408,9996
1,161,4850014.153673177,89611.5080663631,8363.940878691408,9996
2,212,6903444.571174187,97281.06174311248,8363.940878691408,9996
3,273,5573608.579825028,105496.65536452136,8363.940878691408,9996
4,344,4128551.0437578144,124071.09715762727,8363.940878691408,9996
5,425,2302258.0103818974,93475.61678171849,8363.940878691408,9996
6,516,2142446.814699801,67018.62869878477,8363.940878691408,9996
7,618,1378639.804325634,61219.259464176415,8339.935919739752,9967
8,730,920736.8715172175,52921.64533317477,8179.941483001065,9788
