,pressure,error_sum,speed_sum,denominator,yield
0,118,3529923.0161617505,93964.26510491624,9633.008667450058,11408
1,161,5745608.649767571,116817.52212654593,9633.008667450058,11408
2,212,7673545.248444579,146624.4124619065,9632.346047401841,11407
3,273,7067322.287271071,147327.48552984392,9628.216339306622,11401
4,344,4808155.506211197,135038.6973459626,9633.008667450058,11408
5,425,3819587.1081485865,130376.04021245825,9633.008667450058,11408
6,516,2220774.272358085,93860.9056079326,9633.008667450058,11408
7,618,1286110.6785960095,72049.16190204328,9570.91712360739,11334
8,730,944421.5515300523,61686.93661097811,9557.852606685488,11316
