,pressure,error_sum,speed_sum,denominator,yield
0,118,3461451.941538127,87203.13622878172,9511.15699689154,11164
1,161,5734003.934776316,105253.26410325388,9511.15699689154,11164
2,212,6371624.723429875,120315.21708638138,9511.15699689154,11164
3,273,6300893.715458192,129342.99006620445,9511.15699689154,11164
4,344,4550372.344975152,111542.26854665113,9511.15699689154,11164
5,425,2864221.839777665,94927.53201473969,9511.15699689154,11164
6,516,2207407.489168908,79602.9983800944,9512.785227928252,11166
7,618,1548762.0864722913,71296.89872215987,9475.966140537159,11122
8,730,1066028.2609746242,64094.41784181779,9452.922170822128,11089
