,pressure,error_sum,speed_sum,denominator,yield
0,118,3454407.2178114015,85193.63198475522,9755.779299283622,11616
1,161,5568949.484373013,112443.47702495808,9755.779299283622,11616
2,212,7013060.993611006,123146.9342021167,9755.779299283622,11616
3,273,5921906.850480118,128447.52957253983,9755.779299283622,11616
4,344,4623734.076664096,115581.92855841659,9755.779299283622,11616
5,425,3220443.5992942,108963.42037926032,9755.779299283622,11616
6,516,2340928.784808018,78994.62816030756,9755.779299283622,11616
7,618,1703003.4021583076,65179.87034057546,9738.602395906197,11596
8,730,1085506.7476610783,57477.40297448688,9666.962968582753,11511
