,pressure,error_sum,speed_sum,denominator,yield
0,828,200923.39975215305,31068.235694620336,6681.92681770524,7784
1,707,221040.11683799763,31507.39533440379,6367.974493183476,7389
2,597,220210.20086803794,33827.29276704575,5857.267110544374,6739
3,497,201795.2074620652,36976.19268226746,5205.166971988897,6008
4,408,180415.75606921923,39449.49793303562,4445.673996451959,5105
5,329,147527.07047382626,37349.64597942865,3692.7450751402052,4184
6,260,126211.19838620769,31575.837695228052,2898.627576444974,3279
7,201,116885.38357903452,28739.53605792822,2629.099440192647,2991
8,152,132297.7435088436,32516.70094303464,3127.251896253072,3577
