,pressure,error_sum,speed_sum,denominator,angle_sum,angle_denominator,yield
0,828,3378794.4326646826,631112.8141995433,9337.198463946914,844053.4103158421,9335.627300788037,10975
1,707,3722369.707259657,630184.2032042018,9360.908071585518,841817.2067122235,9360.908071585518,11011
2,597,4331361.692125346,632612.9173810795,9365.112386315028,836008.5285872136,9365.112386315028,11015
3,497,5396377.130645334,629033.2907248392,9403.278287672107,847186.5299839001,9402.375702387757,11060
4,408,7103069.726220918,629344.4652315986,9403.278287672107,841673.6066346745,9403.278287672107,11060
5,329,8393164.306659656,630795.7269084309,9402.529331951318,838410.8998286024,9401.816081502164,11059
6,260,11438860.261264378,630195.524193946,9403.278287672107,842543.1375176564,9403.278287672107,11060
7,201,11849445.894248756,633669.0601563054,9399.488151319572,838437.2049805864,9399.488151319572,11056
8,152,10375733.689652901,631387.5492415448,9403.278287672107,851297.3655281629,9402.407931976166,11060
