,pressure,error_sum,speed_sum,denominator,yield
0,118,4065396.97642327,93214.49559288526,10123.477114981468,11933
1,161,6384053.60823017,110478.81158036322,10123.477114981468,11933
2,212,7609820.501137802,141418.04842021503,10118.573891429445,11927
3,273,5698473.956635928,138409.3806112046,10123.477114981468,11933
4,344,4967322.922054991,126657.94258292112,10123.477114981468,11933
5,425,3565286.7201285693,112445.34423566952,10123.477114981468,11933
6,516,2068901.536178861,89591.90059838857,10123.477114981468,11933
7,618,1579965.123943403,72008.83449741214,10118.509410659179,11927
8,730,982772.9241288302,60928.357556197385,10049.48156599139,11844
