,pressure,error_sum,speed_sum,denominator,yield
0,853,1879068.9708824265,81419.92996017654,7641.239916343543,9106
1,707,2681578.0142687648,96990.01350607844,8102.559318159407,9692
2,497,3888748.86157825,120735.59194249312,8353.152650673852,9986
3,408,5737111.656732059,147963.161719123,8314.239405013379,9933
