,pressure,error_sum,speed_sum,denominator,yield
0,853,2743029.542694612,103565.50113404833,9319.67626675612,11143
1,707,2421452.9820365035,105157.92763978847,9656.147136396019,11565
2,497,4211539.048439496,141505.28307894585,9787.45456866163,11728
3,408,6180843.144391853,137434.65575718836,9721.981038789334,11641
