,pressure,error_sum,speed_sum,denominator,yield
0,853,535270.8874817388,24677.11221742704,2319.214565552427,3027
1,707,484078.9868682169,24171.8502696714,2320.7942456750275,3029
2,497,1303246.7024062132,36514.475687969185,2313.810677478937,3019
3,408,1220476.4925962987,34985.241335354694,2318.6439928431455,3026
