,pressure,error_sum,speed_sum,denominator,angle_sum,angle_denominator,yield
0,828,3387395.393565235,631810.0740332468,9339.400823052227,831342.9940867805,9338.44710610148,11009
1,707,3913503.301710651,631776.0725819463,9494.183160639024,852477.7377100302,9494.183160639024,11179
2,597,4581376.392238834,631338.602477929,9581.20407920362,862787.5976584066,9581.20407920362,11280
3,497,5676247.3854093375,632289.7256579681,9584.519598178478,865887.0656466887,9582.920305941014,11284
4,408,7357829.186488306,630157.5326659632,9583.794223807465,859814.4033984755,9582.802778946092,11283
5,329,8720914.228130465,632017.3192494981,9584.519598178478,864783.1485551563,9583.6325873453,11284
6,260,11621179.608445538,633110.8614153616,9584.519598178478,860987.2876844868,9582.876047423088,11284
7,201,12047662.280099506,632298.6972516801,9515.91364781306,847469.431982212,9515.91364781306,11174
8,152,10615148.340683691,631573.6364322805,9579.012952725987,855366.8919780845,9577.574738493422,11278
