,pressure,error_sum,speed_sum,denominator,yield
0,118,3806668.78454476,84574.31957986744,9208.710173956744,10926
1,161,6157126.208559475,99147.78812595105,9208.710173956744,10926
2,212,7488507.566558498,100443.2706555255,9201.13866219192,10917
3,273,6167124.781183097,125523.70164876152,9208.710173956744,10926
4,344,4654754.610286077,111916.10601173855,9200.128231687282,10914
5,425,3297340.731614186,92995.1679962748,9208.710173956744,10926
6,516,2056324.4248380263,72782.30785629795,9211.501426660689,10929
7,618,1317776.3840183588,68707.73692288686,9087.199991487381,10786
8,730,905965.0943205219,57951.96983619539,9084.964802708993,10783
