,pressure,error_sum,speed_sum,denominator,angle_sum,angle_denominator,yield
0,828,3166499.1625705627,632326.0098795191,8678.277432185545,785341.6285832197,8678.277432185545,10213
1,707,3415097.291584706,631232.9765795342,8664.749403698796,780772.8607104926,8664.749403698796,10191
2,597,3931219.6999261677,632179.2362722069,8779.547101237014,788876.9235057894,8779.547101237014,10335
3,497,4613676.654007547,630662.0315607933,8799.401381183194,789819.2815405618,8798.412365319833,10359
4,408,5770387.165218274,633587.5255094666,8750.528811305601,790007.3539294195,8749.60493177309,10292
5,329,6872336.5358790215,631568.6035066919,8800.711051876504,799183.9882141299,8799.939427293117,10361
6,260,9513661.580151532,632117.2918413182,8799.493714453114,787347.3832244274,8799.493714453114,10359
7,201,9968870.523764264,631599.3224741984,8799.731127171883,790686.2374476664,8798.927270311266,10360
8,152,8712600.331787013,630483.8687354807,8800.711051876504,788572.0468250875,8800.711051876504,10361
