,pressure,error_sum,speed_sum,denominator,angle_sum,angle_denominator,yield
0,828,227096.76336460974,631083.0233350797,504.0803332491345,44823.63846797438,504.0803332491345,706
1,707,279948.0564164744,630180.4154250752,507.21647433169073,47157.4955736285,507.21647433169073,710
2,597,332790.6422026148,631211.7750532754,507.21647433169073,47314.90209474338,507.21647433169073,710
3,497,407835.980963208,628349.5494488219,507.21647433169073,46490.60864726394,507.21647433169073,710
4,408,553794.3388633735,630596.1733252871,507.21647433169073,45041.80095003554,507.21647433169073,710
5,329,681696.2549715972,631863.6589998722,507.21647433169073,46678.92358414964,507.21647433169073,710
6,260,836867.4817393515,632497.2572902631,507.21647433169073,47230.171125239016,507.21647433169073,710
7,201,659633.6561965437,631923.3387529373,507.21647433169073,44086.60962331801,507.21647433169073,710
8,152,546864.1416310468,630679.377379305,507.21647433169073,45351.4204284932,507.21647433169073,710
