,pressure,error_sum,speed_sum,denominator,yield
0,853,2692760.0376511826,101992.60052372148,8710.401284310174,10325
1,707,2437725.9716995824,100394.76410672202,9102.290749006112,10802
2,497,4736995.43940743,128861.73646110258,9196.391254542861,10914
3,408,5140755.467233274,130264.33662480889,9210.69386128114,10926
