,pressure,error_sum,speed_sum,denominator,yield
0,118,588928.6371442771,18463.493682307184,2290.2392255223203,2996
1,161,657541.5921527902,31959.462876283505,2290.2392255223203,2996
2,212,1077676.4279966676,34356.95979514375,2290.2392255223203,2996
3,273,1241203.3918969475,35443.2855203837,2290.2392255223203,2996
4,344,908223.1377475597,32779.89206041511,2290.2392255223203,2996
5,425,730996.957878553,25906.04181059523,2290.2392255223203,2996
6,516,464023.9275856697,18899.3350328108,2290.2392255223203,2996
7,618,372787.50655608496,19233.903192600163,2290.2392255223203,2996
8,730,333556.6018860907,18884.76895234152,2290.2392255223203,2996
