,pressure,error_sum,speed_sum,denominator,yield
0,118,198056.27654349932,4104.0462844081585,507.21647433169073,710
1,161,252037.0311914155,5355.542959355671,507.21647433169073,710
2,212,496499.1590413081,3573.047433100701,507.21647433169073,710
3,273,463630.4369910572,8164.117045097892,505.1771451320875,707
4,344,370927.6236939229,9183.184986203236,507.21647433169073,710
5,425,175835.45796004817,6477.67667214404,507.21647433169073,710
6,516,161641.38725997848,9041.159990947483,507.21647433169073,710
7,618,299288.5475122637,9653.440675800925,507.21647433169073,710
8,730,115919.57919766103,4919.36148082334,507.21647433169073,710
