,pressure,error_sum,speed_sum,denominator,yield
0,828,67279.84799587268,9234.207768913357,1922.3703547279706,2423
1,707,63324.26263085596,8656.090635009847,1837.0986839263248,2289
2,597,59513.15753736846,8141.461542184398,1731.642840473678,2155
3,497,63232.237697219265,8272.32470335525,1418.6037359281552,1744
4,408,49229.988644874196,10420.389343326895,1183.9530257639917,1465
5,329,46224.0962924861,12562.162559565604,1031.4984947607597,1257
6,260,42638.683445189425,11568.57345689686,937.9011842567446,1133
7,201,38560.24352687599,12712.574213131487,952.6943889168199,1150
8,152,37053.82316051135,10284.564969529893,926.9639221577753,1123
