,pressure,error_sum,speed_sum,denominator,yield
0,853,3154917.9287323174,113559.56865702975,8948.716094847592,10488
1,707,3518258.023803383,119202.53896387284,9423.59329659435,11051
2,497,4573011.985693011,125509.82785998235,9493.943643173767,11139
3,408,5779816.080410964,137853.4973356686,9491.936288476387,11139
