,pressure,error_sum,speed_sum,denominator,angle_sum,angle_denominator,yield
0,828,3408924.682068695,633047.4355300855,9490.808457763611,854352.4256886125,9489.37557014598,11217
1,707,3871305.4947771546,631628.893520504,9595.187181318635,877496.2457553667,9594.343789872823,11357
2,597,4509518.986158064,630600.1393665032,9606.95603916931,864119.6737690147,9606.95603916931,11372
3,497,5579276.21354666,628543.6516809936,9668.168765899314,866534.3775511652,9667.196395978915,11445
4,408,7432363.761537724,632791.2975942256,9653.886279719287,875867.5416743457,9652.983694434937,11428
5,329,8720537.524894552,631225.9531623621,9664.343623372224,864178.335364469,9663.46480625956,11439
6,260,12553148.538670972,630742.3234465648,9667.493175691698,867885.4016623967,9666.569296159187,11444
7,201,13051943.298182568,631952.5438136647,9658.938731480472,856719.1683599628,9657.105188333428,11433
8,152,10898490.507737892,631594.9695743092,9653.835782255965,881714.0229827935,9652.84433739459,11426
