,pressure,error_sum,speed_sum,denominator,angle_sum,angle_denominator,yield
0,828,3563063.5991703672,629627.9910981373,9711.460626642182,869273.5510202848,9710.506909691434,11630
1,707,3984825.503719537,632464.0776921208,9712.331663803929,882811.046989728,9712.331663803929,11632
2,597,4680969.730640554,630711.7893722076,9782.492877889972,881577.7597399405,9782.492877889972,11720
3,497,5724966.495699228,630805.6560994758,9808.15168366047,876703.5807393685,9807.40272793968,11751
4,408,7649051.50251327,630541.2239160564,9808.15168366047,888780.701169986,9805.323383637737,11751
5,329,8966502.04367091,632385.4659882826,9805.323353418453,878925.1704203526,9805.323353418453,11748
6,260,12502892.706573624,631247.8685344341,9805.050722135611,894787.3183877354,9803.268458976878,11747
7,201,12920366.318860693,631105.024838191,9806.701155874505,873537.2306544023,9806.701155874505,11749
8,152,11111717.840071931,633635.7222828862,9805.173095087743,883779.487473459,9805.173095087743,11748
