,pressure,error_sum,speed_sum,denominator,yield
0,853,2357898.308179564,81002.02206538548,6673.272689325859,8063
1,707,2445490.139148821,87798.75444219084,7076.003136617247,8708
2,497,3954004.317574255,113065.60474667641,7324.109024190593,9108
3,408,5884159.6658957405,124806.92658362999,7233.159427421585,9036
