,pressure,error_sum,speed_sum,denominator,angle_sum,angle_denominator,yield
0,828,3459780.1779699526,630171.3588094341,9387.578064487765,843136.366276931,9386.584492632088,11085
1,707,3970324.4852204067,631703.3480989023,9602.639246985584,868852.9871622121,9602.639246985584,11348
2,597,4611471.858212526,632756.1281088468,9715.115065763195,877521.9780855937,9714.184648195214,11480
3,497,5606587.687341821,631173.5578917423,9717.558174269989,870123.8101462545,9716.59454381678,11483
4,408,7465590.529198121,632091.867936301,9645.00888526055,863785.9134611846,9645.00888526055,11370
5,329,8877100.052694092,633002.4435917565,9641.029283694565,869941.2324370143,9641.029283694565,11371
6,260,12000093.166217944,630367.61589682,9711.954374103505,875080.5721335328,9711.954374103505,11476
7,201,12501884.740997422,630711.5351173446,9672.3993014623,868392.3810118668,9671.638895496699,11430
8,152,10995776.242465792,631602.9119484248,9717.558174269989,878301.9196355139,9716.634294737478,11483
