,pressure,error_sum,speed_sum,denominator,yield
0,118,3762824.6545882034,89895.64859360893,9786.148340774596,11722
1,161,6548689.760255583,105909.0326912616,9786.148340774596,11722
2,212,8301550.72440574,126040.27829041067,9785.472750566982,11721
3,273,6800541.729747557,130345.28509599408,9786.148340774596,11722
4,344,4990577.993672051,123004.25879064984,9786.148340774596,11722
5,425,3988605.4781962303,110168.75845121242,9786.148340774596,11722
6,516,2344108.22641158,81288.81535508293,9786.148340774596,11722
7,618,1606936.2125195852,71887.12307130403,9676.820847666475,11586
8,730,978857.2035621889,59855.84501861267,9686.27498156887,11599
