,pressure,error_sum,speed_sum,denominator,yield
0,118,3212426.4070822033,62879.32786520183,7336.421068415851,9146
1,161,4647677.212970852,77946.442506972,7336.421068415851,9146
2,212,5693096.935975771,94470.51212253797,7336.421068415851,9146
3,273,4564109.499571468,101347.28563092845,7336.421068415851,9146
4,344,3893006.6804086403,100062.28455114838,7336.421068415851,9146
5,425,2567127.97554791,76825.53710693227,7336.421068415851,9146
6,516,1959302.6973621065,70415.79549045966,7323.402938892217,9090
7,618,1791183.1778840907,62738.12538954197,7309.57121476283,9114
8,730,946499.8753748166,47075.192318172565,7154.9192238150745,8897
