,pressure,error_sum,speed_sum,denominator,angle_sum,angle_denominator,yield
0,828,253961.80569469577,60563.52439026274,7170.7940590982835,272160.5694529402,7170.185297669274,8368
1,707,254674.41199286768,60152.3202339089,7205.890852763743,279316.637103755,7205.890852763743,8393
2,597,248200.5287014488,59444.9719027139,6898.106697697062,253182.19888661627,6897.569398088715,7991
3,497,235737.20874530746,56808.72880108504,6368.290285641985,222319.57487513698,6367.57703519283,7352
4,408,209958.01789826623,52479.27930149297,5740.038473089442,189961.47543328768,5739.234616228825,6563
5,329,194237.09185354048,48789.651839492675,5251.428192489249,170052.3395315815,5251.428192489249,5982
6,260,180577.11665873748,45706.13110931843,4689.937062472409,140169.65812771843,4689.937062472409,5323
7,201,163293.77295950748,41130.57772142065,4166.952567589078,122103.02897176983,4166.952567589078,4735
8,152,163954.74138695988,42304.28928453754,4345.747389279231,130796.08828843336,4345.747389279231,4966
