,pressure,error_sum,speed_sum,denominator,yield
0,118,145855.582526455,34052.28130106246,3834.3446365534946,4270
1,161,114053.90051905412,28170.200692618982,2582.262882448698,2968
2,212,101173.04779135593,27431.95503267214,2230.302020455893,2581
3,273,114928.24187576975,31731.190002536026,2700.35063549293,3109
4,344,136905.33066925927,30872.852118965995,3086.0476461681706,3528
5,425,170734.02597495203,40409.58714384522,4166.379721660134,4712
6,516,199587.23318405615,37464.27978333836,5189.2055556645055,5936
7,618,220598.6202412822,33330.615739838264,5587.818902061304,6420
8,730,230329.51912068125,34979.40028790325,6583.216652151913,7573
