,pressure,error_sum,speed_sum,denominator,angle_sum,angle_denominator,yield
0,828,63168.42057219531,12714.94831275461,1271.327761537123,57404.65177512014,1271.327761537123,1534
1,707,62955.48838169881,12899.258558209684,1267.0422564879746,54796.17015450115,1267.0422564879746,1563
2,597,57240.87626138294,11884.560299084558,1172.3785361606183,51177.08568121525,1172.3785361606183,1427
3,497,51364.77767479634,11050.090993849843,1026.8909581128114,39930.75480289448,1026.8909581128114,1243
4,408,47434.68542408477,10550.299803120299,942.2873929629297,37002.19019065936,942.2873929629297,1137
5,329,43102.3053212061,10075.151983561034,843.9337493151179,28830.407754809483,843.9337493151179,1034
6,260,35146.01001883918,8803.001184745286,698.9636962884889,21001.639997031285,698.9636962884889,867
7,201,32614.961337076245,8385.605639167165,649.0125160752867,19458.56426321984,649.0125160752867,803
8,152,31651.756723527345,8459.57652799949,638.9185984909883,17432.133784074376,638.9185984909883,807
