,pressure,error_sum,speed_sum,denominator,angle_sum,angle_denominator,yield
0,828,88198.31516708582,17716.28519416873,1773.0096123440921,75797.20387893877,1773.0096123440921,2067
1,707,83923.58581984906,17683.46124614907,1720.9933822950222,74168.89577979132,1720.9933822950222,1987
2,597,74867.0645602941,16434.92536861716,1517.293304676076,62687.60964147517,1517.293304676076,1754
3,497,67218.35196541618,15205.30248868084,1376.9105922073647,52713.28485887409,1376.9105922073647,1571
4,408,61470.61089677369,14692.90590599111,1237.3207769495898,41173.4452947498,1237.3207769495898,1402
5,329,56950.31921712177,13828.16956761771,1171.9421049121477,38971.28567523898,1171.9421049121477,1324
6,260,47050.234708612516,11995.162302021956,965.8916772461961,29318.79508274456,965.8916772461961,1086
7,201,44624.08052792721,11807.321561387502,899.9709051802564,25198.974792460293,899.9709051802564,1013
8,152,40365.476591596635,11360.694994009244,840.6260941523683,21660.095550987913,839.6461694477475,956
