,pressure,error_sum,speed_sum,denominator,angle_sum,angle_denominator,yield
0,828,261043.45489714586,61861.87794988104,7394.140266218023,284713.7169059251,7393.261449105361,8590
1,707,257052.69360295963,60581.73705440708,7085.210701233287,271037.7998556176,7084.262377578081,8180
2,597,237189.54408970627,56102.92192547923,6426.084369339472,235195.8324399414,6421.743805319198,7344
3,497,214441.4769329154,51516.45195314417,5781.885868520404,205038.96173727914,5781.885868520404,6538
4,408,186155.0824203304,46187.80619565405,4961.967412825348,164728.33366569222,4961.0307406361,5567
5,329,168275.82571399678,42155.634569470094,4389.901260491037,140620.22904476587,4389.901260491037,4909
6,260,145039.56820162173,37388.71405399595,3754.1975520176834,107368.70489788231,3754.1975520176834,4183
7,201,131487.2513258596,34232.41999502907,3306.2199244053236,89161.41785627141,3305.256293952115,3689
8,152,136041.45362082182,35595.21719157964,3330.601134650869,85156.54281905673,3330.601134650869,3754
