,pressure,error_sum,speed_sum,denominator,yield
0,828,248498.2612454498,37275.12145081166,7967.033192535709,9257
1,707,241211.06137596507,37665.390082783575,7593.71877631332,8788
2,597,240213.51333843308,40370.50297313154,6904.533206096262,7909
3,497,241434.73249300386,42559.392341810446,6040.9904621566675,6896
4,408,218106.82385801466,43693.76017533426,5452.264752236994,6156
5,329,170870.11448608912,41659.748909003836,4257.738136151027,4806
6,260,150615.57347343978,40172.977243376656,3592.6919410360188,4116
7,201,138502.37552497484,35465.738821106876,3286.892096395805,3736
8,152,139378.76215296265,37219.26231631175,3497.082900982299,3972
