,pressure,error_sum,speed_sum,denominator,angle_sum,angle_denominator,yield
0,828,87601.67983120804,17051.627560736662,1761.0879365258518,79632.31855741024,1761.0879365258518,2061
1,707,82722.92396201393,16896.837747915044,1646.238010843528,71934.44867068245,1645.4663862601403,1921
2,597,81685.66758462075,17297.431530109257,1631.5137937375562,67145.02220508068,1631.5137937375562,1879
3,497,72987.71569256594,16689.7833749426,1451.9114124389655,51002.16981254121,1450.9281575314014,1657
4,408,60919.29034087797,15372.154210060158,1238.2046055140615,38335.921184223545,1238.2046055140615,1404
5,329,54782.63795611036,14170.702507363674,1148.1217167077202,34137.17309710466,1148.1217167077202,1298
6,260,44437.58655006434,11865.090198416265,917.1963928867094,26655.524697250363,917.1963928867094,1035
7,201,40359.943177582674,10822.259055562501,820.2586800578126,21726.83199066461,820.2586800578126,921
8,152,42410.864872250764,11717.687471192618,860.8006933454459,22459.24120087669,860.8006933454459,976
