,pressure,error_sum,speed_sum,denominator,yield
0,828,258081.02596291812,39231.14327796165,8354.198986567197,9620
1,707,278619.10278254485,40475.80608985012,8440.40848128524,9731
2,597,257035.87151068947,42888.487636420294,7692.640954651193,8792
3,497,248073.60380303732,46992.36135027163,7016.630718004237,7941
4,408,215683.88172236513,50069.8341888545,5786.969219115531,6527
5,329,191206.26523788727,52921.47275134918,4982.236786421742,5639
6,260,165074.6330060968,43940.67212518422,3918.0223274675695,4456
7,201,146750.18048386145,43774.50368712108,3487.990025272628,3912
8,152,153209.90135000212,43009.817540725395,3614.0679144830888,4092
