,pressure,error_sum,speed_sum,denominator,yield
0,118,143972.13477481838,31354.866376283426,3100.4208700897702,3509
1,161,126292.63427968584,31059.242867427954,2761.7578443931216,3186
2,212,110740.6873742259,29679.52166650413,2177.5823360356335,2499
3,273,124009.69940862025,34591.74706838825,2715.272142710081,3133
4,344,146774.38115679583,33210.85722051261,3355.9156120747007,3786
5,425,177878.08139649997,40899.31278772698,4310.223305958718,4894
6,516,210497.21270174193,43374.127735798254,5641.647277282797,6382
7,618,225155.44047748277,35494.735005456554,5786.830384095079,6587
8,730,241642.51814963546,37934.19807278283,6864.777279100494,7887
