,pressure,error_sum,speed_sum,denominator,angle_sum,angle_denominator,yield
0,828,260148.62612500452,61117.0330391664,7254.406468173217,288272.4508701715,7251.933315395858,8417
1,707,252497.74422108338,60457.247219008466,7085.713617106451,267270.0491310204,7084.8110318221015,8171
2,597,238179.53428018134,57794.59128483447,6567.777693431989,236259.7953074872,6566.02093642254,7509
3,497,218634.18347444021,52737.15647851415,5910.227278627174,207177.49946869622,5908.389353459613,6696
4,408,190321.43743391495,46963.01869999593,5053.096263165928,168474.45889598175,5053.096263165928,5656
5,329,165271.25710907968,41353.20395696386,4377.868820696518,137780.33356507463,4376.276753134701,4867
6,260,143707.1524456686,36281.68054789813,3726.4880915811987,113928.97248616123,3724.594108998015,4147
7,201,126045.42958691483,33845.47472897531,3257.8626229504143,87281.09950949733,3257.8626229504143,3642
8,152,135907.54386300733,35170.40137798156,3346.8133122681324,90989.12966093254,3346.8133122681324,3788
