,pressure,error_sum,speed_sum,denominator,yield
0,853,46541.9439874338,8610.005198111014,1249.5258895425877,1630
1,707,44803.53754728555,9026.255665453951,1380.3893392796574,1730
2,497,33440.41182807794,6031.971951221336,748.877407170138,918
3,408,26706.767566928775,5836.263346041397,656.4343923748523,786
