,pressure,error_sum,speed_sum,denominator,yield
0,828,236829.1378719198,33762.562176147105,7563.6884253660155,8814
1,707,262522.9077987787,38251.842975888045,7720.887694966775,8946
2,597,264176.7164427233,40629.57916814692,7270.352448560535,8411
3,497,241631.71577673915,45309.88335819865,6563.045124800274,7558
4,408,224146.39631049187,46587.4514894602,5641.098406101119,6364
5,329,182546.1169232159,40762.59623263677,4472.337731891108,5037
6,260,156895.43565648003,40471.81576536975,3790.8925255189165,4285
7,201,136451.27694394632,36695.416102095085,3207.1425405897085,3647
8,152,138209.6079999898,37381.762758459656,3291.7080234597865,3723
