,pressure,error_sum,speed_sum,denominator,angle_sum,angle_denominator,yield
0,828,263275.8654226867,60323.65269274184,7355.070531702644,291768.5475343628,7353.115456388061,8634
1,707,257596.12042091883,60537.643696266285,7216.1625207432435,276503.9564189195,7216.1625207432435,8416
2,597,244072.148838117,58197.282543802605,6712.3555688371,249630.15301988772,6711.6546595728,7761
3,497,224978.87106619426,54370.94822078826,6075.766295636746,215130.5651303471,6074.879284803567,6954
4,408,203038.6912729329,50038.048926663614,5400.710671817075,179589.56684971473,5400.710671817075,6125
5,329,176973.72302216684,43526.47090945078,4724.454016344979,158713.857715443,4723.601376180625,5316
6,260,155837.84078033533,38328.6287251928,4019.004889585168,127247.845157519,4018.1260724725057,4530
7,201,139769.22612322026,35313.26514380051,3528.389235691026,102831.99323976069,3528.389235691026,3996
8,152,142637.05635887675,36384.46762002377,3575.4733136192517,101389.23435536087,3574.4818687578777,4085
