,pressure,error_sum,speed_sum,denominator,angle_sum,angle_denominator,yield
0,828,265661.6212055834,61060.09364607991,7539.423980584994,308939.86172768415,7538.652356001607,8781
1,707,258317.53988170731,59998.981340794446,7282.162161632245,292329.92189143144,7280.672404483891,8423
2,597,238352.06323260177,56729.35761734203,6562.693651593225,242883.54158723945,6561.841011428869,7502
3,497,219141.5764397291,53844.36264167186,5891.652728740674,196917.9421877954,5891.652728740674,6667
4,408,188574.78704079048,47632.604857100676,4956.4671708515425,153548.49205723012,4955.513453900794,5551
5,329,165803.52585600907,41728.800024478835,4259.426595326446,132325.089084019,4256.916841227786,4745
6,260,137835.08676916535,35632.19113091634,3534.3576912527665,99016.6297054256,3533.533565064144,3942
7,201,128536.65531382934,33194.3048729534,3160.5598805662335,82832.01732865412,3159.6810634535714,3539
8,152,131661.94118134087,33940.57505905895,3190.2589797508303,82088.26371583037,3190.2589797508303,3609
