,pressure,error_sum,speed_sum,denominator,angle_sum,angle_denominator,yield
0,828,84015.57947663894,16671.405745717213,1715.8397372716504,77824.49734736828,1715.8397372716504,2014
1,707,86309.31377363484,17379.80656358273,1717.8810368664695,73166.02774060241,1717.8810368664695,2009
2,597,83420.0140111032,17133.399949107185,1669.2847616658946,69926.38151242251,1669.2847616658946,1947
3,497,79596.55946730339,17356.064546828948,1593.236763349975,60218.66726936924,1592.384123185621,1847
4,408,69360.7725058287,15617.649985207561,1402.3680626211622,52419.55131834856,1402.3680626211622,1628
5,329,68846.74766182464,15616.604191009757,1375.0113301455056,48971.18092549021,1375.0113301455056,1585
6,260,55435.254907865274,13827.911136197876,1132.7333706402233,35805.61920183513,1132.7333706402233,1281
7,201,46942.29616791932,12587.994980125994,982.1598011570562,27603.120690161017,982.1598011570562,1120
8,152,49970.919643041736,12884.924504944525,1019.2533258742694,31405.420312062073,1019.2533258742694,1178
