,pressure,error_sum,speed_sum,denominator,angle_sum,angle_denominator,yield
0,828,263144.2349215127,60273.944850428445,7302.3790000625495,294484.10601433954,7301.380865264127,8479
1,707,259099.47155483853,60312.61318325426,7169.253603450692,276541.3155812753,7168.504647729904,8279
2,597,242633.46824907413,56436.38740484829,6618.279498415633,253275.50753200517,6617.684675628882,7584
3,497,216762.00590580577,52932.317602823714,5967.7249714051595,212510.3685068387,5966.0278932503115,6763
4,408,190398.3685449843,47801.783016819856,5102.289406984905,172369.07885077957,5102.289406984905,5715
5,329,165439.34169748882,42214.057639930616,4340.201463715393,138129.4901480468,4340.201463715393,4827
6,260,141792.4729953696,36425.826882827096,3651.9797983729754,105985.00390865454,3651.031474717769,4044
7,201,125883.93514314729,33518.51340432142,3237.432746860591,87972.17530770862,3237.432746860591,3599
8,152,139399.53271626454,35387.70245726577,3391.2201086247364,92621.5438087454,3391.2201086247364,3820
