,pressure,error_sum,speed_sum,denominator,yield
0,118,140368.63507728608,36028.73946327446,3420.7480587949062,3803
1,161,101580.03289029292,29633.6347376887,2502.073347916447,2840
2,212,123672.44985968113,35443.96931031146,2803.530195926838,3150
3,273,117537.01143057016,34345.901676835805,2595.9407052715324,2970
4,344,123624.74952427714,32405.125613533608,2918.3538708543188,3338
5,425,159860.333865876,40456.61670097759,3661.1055582920517,4180
6,516,205507.96882958827,42294.70039484278,5130.059102002097,5808
7,618,202562.26904057866,40770.635650188626,5674.730405261169,6399
8,730,229312.43200417171,38442.014063429786,6457.999063539285,7357
