,pressure,error_sum,speed_sum,denominator,angle_sum,angle_denominator,yield
0,828,239951.35700378873,54492.3926379426,6788.699778578425,276787.2281589181,6787.8209614657635,7878
1,707,234906.1152607168,54054.99043670353,6691.705360679463,269070.4896739486,6690.7053987563995,7760
2,597,230771.64287665926,54567.08650585382,6376.895168515323,238454.92998314375,6376.895168515323,7362
3,497,216079.01197145734,52517.303601204585,6008.463149146844,212424.3510144432,6006.479932316217,6884
4,408,198441.5688631715,48695.278737117114,5392.975880934873,180687.98343698456,5391.189847997968,6133
5,329,177881.52663598527,45245.42702512866,4813.205353859481,150955.77553271133,4813.205353859481,5457
6,260,158125.32939113153,40247.638121291464,4063.2501105357774,120696.3660991219,4062.313438346529,4575
7,201,145498.57995896702,38350.20014843308,3730.324784307294,102837.79921221276,3730.324784307294,4221
8,152,152330.15986647864,39057.40755787951,3934.1739390386456,114327.976153436,3933.485584462952,4491
