,pressure,error_sum,speed_sum,denominator,yield
0,828,67191.59468543857,9227.827656953099,1921.5269632821578,2422
1,707,63324.26263085596,8656.090635009847,1837.0986839263248,2289
2,597,59439.86170054689,8137.245525055425,1730.9672502660624,2154
3,497,63145.97694793015,8263.273424411153,1417.7998790675376,1743
4,408,49229.988644874196,10420.389343326895,1183.9530257639917,1465
5,329,46126.38511578915,12561.156202478614,1030.655103314947,1256
6,260,42474.92235215788,11553.232318608776,936.3803723255446,1131
7,201,38560.24352687599,12712.574213131487,952.6943889168199,1150
8,152,37053.82316051135,10284.564969529893,926.9639221577753,1123
