,pressure,error_sum,speed_sum,denominator,angle_sum,angle_denominator,yield
0,828,88680.15313268354,17605.13977503867,1766.6753980745018,76023.62772025671,1766.6753980745018,2073
1,707,81507.99747161818,16993.03527655594,1628.4413506282917,67972.87000672545,1628.4413506282917,1897
2,597,74072.39465675055,16033.484838023027,1509.3166329677777,61450.70797192084,1509.3166329677777,1747
3,497,69831.04048828938,15968.57501506336,1417.6429736784678,51525.50474938131,1416.954619102774,1634
4,408,62037.881495753056,14610.290754913625,1250.6515740817501,42978.833093441805,1250.6515740817501,1424
5,329,55214.54596345427,13695.358605814887,1133.4996571686618,39155.679102101414,1133.4996571686618,1283
6,260,47150.59880428122,12077.641340027192,961.952968764681,30715.684409015186,961.952968764681,1079
7,201,41662.25292194758,11549.753958987212,877.5502676156227,25384.708888124656,877.5502676156227,997
8,152,42596.615700933726,11641.878597352399,855.7541425876112,23378.791155142,855.7541425876112,981
