,pressure,error_sum,speed_sum,denominator,yield
0,118,127827.76092797861,30561.706672227567,3125.3074565240263,3475
1,161,111627.38660212458,29463.705179520308,2595.2706234401057,2992
2,212,99241.66365895803,23977.32017384631,2231.4361420362825,2561
3,273,108480.72002654019,31873.29822594536,2463.692127776567,2780
4,344,128243.55083254809,28466.77522330539,2833.48829358634,3178
5,425,168836.95664974782,33959.70571702627,3858.887085195837,4352
6,516,195090.98296039738,33536.396057393256,4876.642926124918,5500
7,618,198940.48351552527,37632.13751566184,5667.485338631746,6450
8,730,209125.54226655586,38714.88279654097,6587.9425423603325,7615
