,pressure,error_sum,speed_sum,denominator,angle_sum,angle_denominator,yield
0,828,247831.91899722494,58256.16699928981,6956.720864521345,267658.9084846552,6956.720864521345,8192
1,707,247448.7557350083,57926.03001818107,6871.437796559991,262423.5996444571,6869.562937493767,8084
2,597,237631.46301766392,57245.56246912476,6540.66083119011,235052.07925897394,6538.134839766887,7661
3,497,221582.18644234975,54661.239580681715,6101.325155881418,211878.6280550787,6100.4463387687565,7104
4,408,204497.9386434963,50312.27011742464,5456.517171191247,177908.0693113539,5455.803920742093,6280
5,329,183055.18506151115,46095.176033227304,4885.1864271357745,154454.1527265554,4885.1864271357745,5567
6,260,162297.09762771428,41890.939254109406,4285.351046669978,129196.99267644472,4285.351046669978,4857
7,201,143422.48476107063,37063.10778011956,3735.2476236779826,111482.50456299503,3733.0840791794153,4263
8,152,150437.03914679322,37028.413834876,3853.0941164134993,125874.0125838607,3850.549533257462,4416
