,pressure,error_sum,speed_sum,denominator,yield
0,828,200850.06435454302,31061.267471050996,6681.2014433342265,7783
1,707,220950.13979008354,31505.274283799674,6367.087482350296,7388
2,597,219547.1611499921,33801.63465823781,5851.040249398128,6732
3,497,201210.82584621198,36959.95528291179,5199.945288589473,6002
4,408,180415.75606921923,39449.49793303562,4445.673996451959,5105
5,329,146769.9246304502,37306.919939756575,3685.869547324884,4177
6,260,126038.89972808975,31550.218608072973,2896.9388917872,3277
7,201,116817.56618130513,28738.051421876342,2628.423849985031,2990
8,152,131453.60814601326,32471.01566789627,3119.5718047315404,3569
