,edges,rmse,shear,shear_era5
0,"-30,30",2.37815150630088,7.656004968922196,7.528566689794565
1,"30,70",2.3550285049146926,6.930901409326593,6.542658998529935
2,"-70,-30",2.4631203956907908,12.062436892753725,10.827685252096144
