,pressure,error_sum,speed_sum,denominator,angle_sum,angle_denominator,yield
0,828,12616.76051643452,3052.8638103634985,323.2934187680966,10532.339255753392,323.2934187680966,454
1,707,11579.70376303166,3145.6147673745472,300.0619266146073,7252.012190704743,300.0619266146073,422
2,597,10532.40445007322,2689.384691317807,257.73158193493293,6677.17399866296,257.73158193493293,358
3,497,8714.76607774003,2162.4648069621635,205.7238481435018,5314.62277668603,205.7238481435018,288
4,408,6293.121250056157,1666.9863549193044,157.4677015162562,4489.821781828981,157.4677015162562,220
5,329,5362.18167889947,1446.6373964132479,133.5712639772999,3551.0043354968316,133.5712639772999,185
6,260,4946.006123341373,1304.1706660956502,120.70727147288233,3139.206613511459,120.70727147288233,164
7,201,3797.1587593458676,903.5747534231133,86.07526091517093,1934.2838788372155,86.07526091517093,118
8,152,3996.4623151868727,930.8673301200616,73.84670337084324,1339.2768647099433,73.84670337084324,105
