,pressure,error_sum,speed_sum,denominator,angle_sum,angle_denominator,yield
0,828,192389.0168396418,44397.05694255886,5363.298894879596,210946.4761809766,5362.623304671981,6394
1,707,189418.09488008308,44385.33353648499,5302.5768163505145,204843.29872997856,5301.954301713877,6454
2,597,181205.00693151797,41420.739728769375,4864.603741591911,189083.63964389556,4864.421506066419,5925
3,497,158403.38959777312,38282.770753743855,4372.215082006197,157451.49240793267,4371.231827098633,5288
4,408,141815.3659124711,34478.65020423184,3772.9870169262877,130578.84845970465,3772.9870169262877,4526
5,329,122373.43753873924,30600.227761491988,3265.547554570357,107428.94847048233,3263.6995182076357,3906
6,260,109507.66065170434,27497.268486864104,2804.7805591085794,85696.21651124365,2804.7805591085794,3455
7,201,97280.59421955352,24800.55004295175,2474.3054994933873,72609.08779247159,2474.3054994933873,3123
8,152,104569.36303498936,26136.411547664342,2631.551707444894,76470.12238594028,2631.551707444894,3307
