,pressure,error_sum,speed_sum,denominator,angle_sum,angle_denominator,yield
0,828,273561.9564703228,63822.75719972808,7726.485769237022,301429.4177564956,7726.485769237022,8987
1,707,271076.465401031,63415.26687831039,7753.733830685672,302692.1692520372,7751.797196573359,9049
2,597,263788.31302338315,61909.71116770123,7376.045023536009,286385.94478990784,7374.3353762788,8573
3,497,249647.46736520945,59432.43009107213,6943.919711837089,257852.20474422423,6942.294685072147,8027
4,408,233304.70735738648,56144.184305862414,6296.047145546775,222474.90145164996,6296.047145546775,7225
5,329,211860.2007715816,53011.133498224546,5763.54467789604,191598.72306222536,5762.9639749403295,6598
6,260,188225.5116252197,47673.52641944722,4889.499907867632,147031.90878075702,4889.499907867632,5566
7,201,169478.35126896287,43858.11602146367,4287.384864462808,120749.09881075373,4287.384864462808,4901
8,152,174615.64199695512,45297.396723081096,4604.8354909930285,134584.66731859156,4604.240668206277,5305
