,pressure,error_sum,speed_sum,denominator,angle_sum,angle_denominator,yield
0,828,72601.91775176382,14826.383113626223,1458.8037176007479,63585.25973920057,1458.8037176007479,1726
1,707,73720.13405485402,15699.910665296891,1488.7462744730922,60363.03071358216,1488.7462744730922,1741
2,597,67398.99558287338,14620.281422626,1366.889050562726,52780.66217442746,1366.889050562726,1584
3,497,57985.28333759495,13012.721906644474,1204.0024322169522,45857.899283847415,1204.0024322169522,1387
4,408,53845.94452290359,12324.99182179697,1067.4967837128231,38519.07448167335,1067.4967837128231,1223
5,329,50070.359242284445,11717.568689104683,994.8433671789311,35455.1869209555,994.8433671789311,1134
6,260,40865.83446331355,10210.900436912569,826.5919699352954,25653.396378535388,826.5919699352954,938
7,201,38189.58717045282,9916.261157359282,763.6024979393186,21548.1947940877,763.6024979393186,878
8,152,40364.270044269164,10712.660049197191,813.1245821064488,24509.569665524457,813.1245821064488,942
