,pressure,error_sum,speed_sum,denominator,angle_sum,angle_denominator,yield
0,828,251544.96399200129,57816.80968590671,7084.451851324531,282461.6696884465,7082.866793888403,8231
1,707,252364.0222432309,58862.58201095152,7085.971416418868,278475.7200348014,7083.568764779975,8232
2,597,244915.30018166854,58195.476175788914,6768.5531730297025,258398.56119584918,6767.55412480812,7814
3,497,227457.80827982404,54351.86261195528,6346.267837295758,237725.58100393714,6345.319513640552,7278
4,408,211084.38158678208,50282.13893710346,5678.303058267556,202753.48117816108,5678.303058267556,6441
5,329,183752.7525285499,45473.65392081189,5065.293948534173,174340.6587124104,5065.293948534173,5701
6,260,166802.1456821374,42587.57558741162,4462.383558739162,137018.99391974334,4461.611934155775,5003
7,201,151546.60327025488,38374.830698555306,3895.9734440761476,118564.92713238741,3894.990189168583,4397
8,152,154267.28222381175,38432.610475492605,4083.868589868751,138213.02679512592,4081.0446674196833,4651
