,pressure,error_sum,speed_sum,denominator,angle_sum,angle_denominator,yield
0,828,62280.3926830613,14619.452682345258,1782.8320181276015,69614.90185042561,1782.8320181276015,2273
1,707,61198.923271623076,13938.940890216123,1705.9873985887934,66807.17690831888,1705.9873985887934,2156
2,597,57959.378973440485,13520.067060363746,1588.6058038017081,61648.289720185596,1588.6058038017081,1976
3,497,53650.51258485513,13098.440515896542,1465.319233511849,47781.85436912119,1465.319233511849,1808
4,408,47808.898278152774,12229.306398623497,1273.6533198544134,37521.83382369777,1273.6533198544134,1565
5,329,42831.4412500756,10988.879172068047,1082.9798468881231,30902.509436120632,1082.9798468881231,1325
6,260,39706.900197806135,10104.056612354598,932.5383148957674,23610.59326229576,932.5383148957674,1145
7,201,34473.89920095927,9422.526379207642,835.7900135944061,18633.188490044595,835.7900135944061,1010
8,152,39877.35093296268,11166.295343065129,992.2329586739402,22299.68062904486,991.4503505170878,1228
