,pressure,error_sum,speed_sum,denominator,yield
0,118,135737.65790781248,27083.3874409553,2991.284218713602,3384
1,161,105334.75572034283,25875.795587985463,2273.669793739806,2672
2,212,98868.11634921312,26316.53441980747,2125.3576710999428,2472
3,273,117802.45970400331,30512.262626563457,2562.4039164376236,2963
4,344,118651.89986478837,34419.30384775218,2927.769077949831,3369
5,425,157747.18982845443,37763.91970921313,3817.814815268964,4365
6,516,198033.36278068158,37585.857501673876,4974.618995581318,5622
7,618,223266.8155049288,37799.02695668978,5806.210069065779,6573
8,730,260614.42016690463,37396.205923763875,6884.723054794165,7924
