,pressure,error_sum,speed_sum,denominator,angle_sum,angle_denominator,yield
0,828,266850.0214361414,60381.741586636555,7348.397038914352,297522.4778601454,7348.397038914352,8642
1,707,261025.22386106182,60803.225320284306,7366.1369398221805,292702.1906252448,7365.55623686647,8631
2,597,251280.9740153605,59791.05077477893,7034.7363844489255,263859.9937060336,7033.075629602288,8205
3,497,237095.81186683304,56933.002050407966,6608.92275556425,244052.75430506293,6607.273650190945,7673
4,408,218228.91738002186,52813.42566549683,5917.932670795309,207686.18094472328,5917.207296424295,6814
5,329,197309.49326822977,49543.96234506841,5324.983968675404,172416.70878567128,5324.983968675404,6079
6,260,170696.51474382996,43748.01339532289,4502.028582203252,136642.71113246208,4502.028582203252,5124
7,201,157845.34642219992,40896.85859085008,4036.111595464289,115642.38402634638,4035.410686199989,4629
8,152,162439.39912599974,41307.25730028365,4246.461309203138,127437.97119160558,4246.461309203138,4892
