,pressure,error_sum,speed_sum,denominator,angle_sum,angle_denominator,yield
0,828,218684.09482934777,50050.953424123465,6076.18676925178,244844.2326830731,6076.18676925178,7113
1,707,213868.94953667308,50953.96842277208,5979.992149845592,223683.3060572609,5979.992149845592,6955
2,597,200728.92280612595,48686.558901351105,5597.106801421331,199395.49783944024,5596.292685902974,6456
3,497,188073.2731419911,45675.57890223203,5078.799926910537,176585.3420721791,5077.975800721914,5810
4,408,165380.98999050588,40455.10000182534,4411.657029364861,149031.01489935146,4410.919752028051,4991
5,329,140533.83746778438,35451.41066137877,3773.2309265118934,123520.86941729356,3773.2309265118934,4251
6,260,121012.30867915154,31227.303784291475,3153.641066825312,92923.22075300252,3152.6774363721033,3555
7,201,112668.6310195651,28884.976693197492,2848.8424119698966,79716.78007989415,2848.8424119698966,3240
8,152,125789.79576428734,31359.586354307372,3082.4381606790043,86795.28144874856,3081.45490577144,3531
