,pressure,error_sum,speed_sum,denominator,angle_sum,angle_denominator,yield
0,828,236515.85148509682,53447.43571617878,6725.309710719809,280314.6649195627,6723.681937886357,7812
1,707,240083.66076545758,54419.55315539754,6762.546170767752,280312.74675300607,6760.861976661871,7845
2,597,231641.04428579894,53360.12535715082,6444.533235552507,253503.99424994722,6444.533235552507,7458
3,497,214208.2311916647,51945.81880649488,5998.499653124771,222732.6344439065,5997.5570116336785,6902
4,408,200555.11307109345,49073.08703697783,5401.546900451594,184997.08355023127,5401.546900451594,6189
5,329,180861.77136215148,45581.58798688257,4802.880388749836,153348.42214421145,4802.880388749836,5479
6,260,157602.63467218252,41132.64363959253,4125.970897293191,117902.17979698801,4125.083886460014,4671
7,201,144622.90849302633,38481.400699640864,3725.3206920609796,100052.00920938695,3725.3206920609796,4219
8,152,149948.98951318025,37753.30748351886,3842.942512367266,116332.41982652043,3842.089872202911,4386
