,pressure,error_sum,speed_sum,denominator,angle_sum,angle_denominator,yield
0,828,263011.2469061342,61022.698978164946,7529.684135400107,299011.5842179583,7529.684135400107,8795
1,707,264910.51036389644,61154.67717176608,7474.71829468231,295288.4069970489,7473.781622493061,8711
2,597,255167.52302120667,60165.62913354185,7132.273820257939,273619.341180789,7131.459704739583,8277
3,497,240460.56367527455,58370.283921429684,6709.681406030982,240483.53059469597,6708.6878341753045,7728
4,408,220517.160316248,53488.87244438912,5988.2010941925655,207093.28573505118,5988.2010941925655,6858
5,329,200999.9556638568,50981.63463432733,5406.738446760751,170381.25682587383,5406.738446760751,6165
6,260,179160.53751644318,45155.39154702029,4629.387563052892,139523.94564730983,4628.699208477198,5245
7,201,161515.55603700064,42066.867400130264,4168.552111923538,117118.01475769875,4168.552111923538,4730
8,152,168464.89086467636,42413.51267545475,4363.612118114807,135943.8271647709,4362.7782322927405,4997
