,pressure,error_sum,speed_sum,denominator,yield
0,118,128595.17336031765,32611.277521503616,3168.982740502096,3556
1,161,116240.76117782047,30317.097677245216,2472.4729615646993,2800
2,212,79579.28458424525,25471.1174472298,1788.1972036483708,2068
3,273,101031.73986298715,27978.546650109827,2042.1224809635792,2373
4,344,133919.8564451177,31990.44695594837,2820.032828888711,3167
5,425,137428.2606250275,35957.85616965534,3308.4402796380837,3807
6,516,187659.8434633622,39093.9570023363,4717.627905329036,5356
7,618,223970.30063260102,40655.95325952402,6198.224589479918,6997
8,730,244931.48009331222,37945.801171813044,6693.311267413994,7653
