,pressure,error_sum,speed_sum,denominator,angle_sum,angle_denominator,yield
0,828,255985.3554471715,59097.37397340889,7152.565979940478,280367.514958614,7151.586055235859,8357
1,707,257057.24264173082,59215.72575494904,7084.573194302304,274536.1079375864,7084.573194302304,8234
2,597,245179.37972411996,58234.746577611084,6760.984241497192,250868.46095169324,6760.984241497192,7825
3,497,230336.01440388575,54786.05874591283,6267.76757975083,227899.22714922662,6266.905950590389,7191
4,408,203693.93599288847,50729.62114967474,5601.46834997793,191266.0232823562,5601.46834997793,6358
5,329,186634.61132250333,46623.3813168341,4981.434048148133,160990.52856179787,4981.434048148133,5610
6,260,161740.57708751428,41657.15766691891,4276.538990322875,130476.25690357963,4274.607800667609,4788
7,201,144877.50386861674,37328.32811109301,3748.9782863168466,109385.1570198033,3747.1807666708946,4219
8,152,150092.2590611285,37909.49506588285,3838.973939542334,113407.30225977165,3838.1212993779795,4380
