,pressure,error_sum,speed_sum,denominator,yield
0,828,255528.16184060354,36144.8587956699,7760.466323308928,8957
1,707,249293.1107187098,36900.07077697267,7413.136406879784,8482
2,597,262960.42433168035,37541.07589761927,7098.433812584621,8058
3,497,234130.32778903184,42232.644201544885,6591.210801242914,7471
4,408,215470.12184887403,44420.694488483896,5635.65308290743,6296
5,329,187890.0801004526,38538.501750922864,4525.230167506145,5047
6,260,157712.17645423065,38647.550810721674,3663.5442849621213,4132
7,201,132264.15892327798,37550.71486036939,3187.0151299094255,3592
8,152,141802.08072841412,39580.02106417208,3606.9339504308145,4126
