,pressure,error_sum,speed_sum,denominator,yield
0,118,118283.6703136724,22252.426160305346,2784.331028024261,3116
1,161,93328.03355802395,22397.71513173247,2127.3781806563425,2451
2,212,86458.16022490092,20291.949460109085,1888.9085355543182,2192
3,273,91721.62198403483,23957.101428001366,2139.4845755610827,2453
4,344,109874.68564917477,33971.51408712344,2743.138894325936,3159
5,425,148050.31448900138,34097.03992699884,3565.681642063882,4047
6,516,156355.6478966605,25737.885984312492,3883.081557295073,4389
7,618,187755.3249334218,30039.680676004282,4874.202877872863,5539
8,730,195241.71911157444,29799.74847324087,5431.8043993337305,6269
