,pressure,error_sum,speed_sum,denominator,angle_sum,angle_denominator,yield
0,828,259382.35959767728,60596.0590860238,7276.630705938008,284878.32801039494,7274.905674242021,8407
1,707,250113.7674850239,59367.78051488059,7006.656711752112,270063.6345133992,7006.656711752112,8053
2,597,235284.4375412676,55675.72216500799,6460.006698002256,245167.01137349824,6459.104112717906,7335
3,497,216873.7553451873,53577.9463371996,5983.933565025048,207840.01263171886,5982.933907700072,6717
4,408,197002.44109083532,48472.56656426067,5244.261321545269,175141.92328750363,5244.261321545269,5837
5,329,171899.41599229613,42800.92581185577,4520.379136238982,144712.28146090644,4520.379136238982,4999
6,260,144879.7817005088,36662.91228107912,3790.1164881128057,115523.7162421198,3790.1164881128057,4175
7,201,127429.1753117637,31918.1154899321,3233.1232233821315,97406.24130557111,3232.186551192883,3582
8,152,139482.5639137957,34840.99576353021,3461.1271889624227,103340.02541044453,3461.1271889624227,3883
