,pressure,error_sum,speed_sum,denominator,angle_sum,angle_denominator,yield
0,828,267976.8488841581,61696.426314327684,7579.566926599232,305272.22612490185,7578.972103812481,8926
1,707,262088.2409201978,61498.30849067544,7348.334403406033,280738.44489495107,7346.396365716574,8585
2,597,243721.72042236908,57227.3105314308,6566.717262829892,241565.20095604123,6566.717262829892,7606
3,497,219977.2846171396,53262.157076900694,5827.927668935704,195057.20550806864,5827.093783113636,6690
4,408,187952.57745227587,47457.06093060312,5008.697573890891,155290.8911217728,5007.818756778229,5700
5,329,165907.3361023182,41712.270174695404,4343.225588332741,138307.92455250875,4343.225588332741,4932
6,260,144728.07286555663,37163.74394953795,3729.3369627819893,110473.64986785733,3728.5030769599225,4255
7,201,132976.26769053563,35280.87324323521,3344.1740027054752,86219.63907757962,3343.3213625411213,3848
8,152,135012.8310409801,35583.35326738344,3372.5408595929894,90252.8932527283,3370.5982561788333,3915
