,pressure,error_sum,speed_sum,denominator,yield
0,853,187162.4129054366,30623.934813689048,4727.5459058718425,5467
1,707,199465.90747041648,37425.21654201036,5200.6755539604865,6066
2,497,150353.18573212842,25766.044229383362,3317.2521845490073,3798
3,408,133514.60577875393,29763.465710017324,3256.0688081204585,3653
