,pressure,error_sum,speed_sum,denominator,angle_sum,angle_denominator,yield
0,828,253517.44450709122,57957.05594127556,7253.4011282593365,302489.38719274325,7252.040949732023,8480
1,707,244892.40657260196,57170.76287372675,6883.484213982318,268590.87473690574,6880.841108749339,7980
2,597,227826.00446140213,54125.50200348091,6269.65099129904,232454.70622941322,6267.905014568877,7191
3,497,209372.56081982926,51512.00542126696,5615.9512645994155,188273.53899947944,5614.155982943969,6396
4,408,183724.39961930862,46947.82114325228,4934.660884826391,149965.29770435864,4933.724212637143,5555
5,329,161944.78472205054,42067.706628544234,4319.602185743011,127449.26875230043,4319.602185743011,4844
6,260,142110.42679095516,36734.80439578118,3665.4439336009377,105453.58651639544,3664.4902166501893,4129
7,201,126230.9649067765,32395.026454142833,3204.25452837526,93108.74368695146,3203.2908979220515,3638
8,152,139134.9986704333,34688.09422066985,3422.454206147174,98366.49830234973,3421.6715979903215,3914
