,pressure,error_sum,speed_sum,denominator,yield
0,118,114952.24333404604,25583.061241059804,2818.6767502271123,3360
1,161,94002.0730010945,23358.411931485105,2040.717590907526,2651
2,212,73789.02464183855,19970.99934129089,1641.215699796169,2266
3,273,87112.94245716679,24789.21464977805,2008.8364939129062,2534
4,344,104448.79994425771,25003.403010449816,2267.5387042035086,2706
5,425,139884.7209346586,25654.73893084742,3011.4689767276677,3548
6,516,138674.57286521923,27141.888318014437,3597.572832645132,4247
7,618,160838.65584948083,24480.782679826698,3748.07465997537,4429
8,730,172779.81265414215,26730.43120576876,4789.66749520638,5708
