,pressure,error_sum,speed_sum,denominator,yield
0,118,130492.25395081473,28728.8427611956,3124.182151884654,3541
1,161,99066.69608866048,25059.74489851475,2372.2788445648907,2697
2,212,101356.22341983969,30777.731745369216,2438.3857365654785,2769
3,273,125006.26898077936,31532.523394900993,2865.434347137645,3244
4,344,149752.09935255078,40159.97942871177,3521.9052433427714,3970
5,425,182172.05729084215,36406.73133971716,4515.6527963272565,5085
6,516,209119.44420007366,38225.321925749806,5551.650162864209,6299
7,618,225727.68461232475,37328.50104312413,5887.9539597386365,6656
8,730,232144.27276950973,38170.264261262746,6251.316622676368,7150
