,pressure,error_sum,speed_sum,denominator,yield
0,828,260734.49340699465,38337.08431722147,7879.670418600558,9123
1,707,251849.71628106313,36545.8994632556,7507.9181478188475,8614
2,597,240812.9307758414,41729.35657972434,6836.71441011481,7815
3,497,229295.66843761268,46055.785800512014,6378.581584504646,7325
4,408,207399.9814992501,56970.59420068036,5862.797815200225,6701
5,329,179893.378762538,50116.20563990464,4611.0090663255205,5244
6,260,154319.49630789456,46409.983722763594,3594.949899041891,4115
7,201,128799.74425072617,36677.65565629594,2929.686872376588,3308
8,152,144180.66277089188,42945.57845703289,3398.3676712228803,3842
