,pressure,error_sum,speed_sum,denominator,yield
0,118,5278.503994152907,958.632752168513,88.67865170030632,131
1,161,2976.952910956391,983.0320495708953,79.09423982164287,98
2,212,2211.824785732329,138.22003376781853,45.98625765860637,56
3,273,4088.6025209571776,1157.0128528369526,70.99509872682921,105
4,344,5491.308312487186,2106.739506839037,114.36871473373915,170
5,425,8171.867599401238,2254.015238479939,193.63631593655612,273
6,516,7608.795417285723,2876.7629867233954,169.48697459404727,232
7,618,6510.9213488363175,1977.7576167493435,145.35938904982248,194
8,730,8388.776095302845,1885.8476954858072,184.75397652644295,246
