,pressure,error_sum,speed_sum,denominator,yield
0,853,188022.26235028545,27815.16798671583,4711.999542541224,5502
1,707,194087.67308587665,35372.36570464923,5046.044248285479,5899
2,497,153145.65725146185,35236.519504738535,3723.6775843899595,4301
3,408,137355.4070381523,29071.265097760897,3298.93148327535,3743
