,pressure,error_sum,speed_sum,denominator,angle_sum,angle_denominator,yield
0,828,261544.37201108006,58591.90909723193,7345.532938320966,306459.69955343654,7344.108627879441,8618
1,707,255176.87096979652,58257.882428753626,7170.020086701527,288060.1383599285,7168.505061918873,8381
2,597,242844.3043650572,57801.012322128874,6847.955037139362,258762.4173334452,6847.279446931746,7967
3,497,232128.06458292605,55638.423888401354,6428.403859840002,231983.9727553988,6427.054845446226,7416
4,408,205009.91780688948,50586.71564193661,5693.327855827062,196432.9253299558,5692.484464381249,6519
5,329,190626.28817735083,47678.2441793232,5113.870708388343,161567.04628176268,5112.139532795602,5811
6,260,160951.5757702743,41335.22138577082,4286.015007359218,129919.89751882163,4286.015007359218,4844
7,201,148842.21579957652,39092.666552848445,3864.752137908304,109019.17208878149,3864.752137908304,4399
8,152,152939.48837620782,38772.605540969336,3954.6860885830374,119412.19020646384,3953.9977340073438,4540
