,pressure,error_sum,speed_sum,denominator,yield
0,118,148766.43357444784,35077.890743237745,3463.8418964659268,3880
1,161,109535.99018105652,29434.721417799276,2341.0763227630546,2687
2,212,109180.61386278608,31772.387831415002,2183.2650235284086,2485
3,273,105261.41363806419,33637.72773383577,2335.583095655925,2669
4,344,132570.5404286542,36781.87508491678,2920.7043357937464,3401
5,425,180691.465353029,42068.373263093934,4084.6514827502424,4635
6,516,190677.2527941473,34595.59113819786,4744.2094219689925,5383
7,618,214164.84594305613,40149.85380626623,5456.903019419658,6222
8,730,222043.4176010002,35733.04172341768,6413.5930771528,7281
