,pressure,error_sum,speed_sum,denominator,angle_sum,angle_denominator,yield
0,828,3508.131713367649,783.1033027218866,72.34150667003706,2594.2159227252046,72.34150667003706,101
1,707,3769.798055204534,891.4276362523057,74.9771016317221,2270.0325291551,74.9771016317221,105
2,597,3159.0045205027095,969.3371920636322,71.59240597951828,1571.9048820168337,71.59240597951828,100
3,497,2086.9475658607466,553.8923644965528,41.970751374487726,1112.1658249602433,41.970751374487726,59
4,408,2287.4318543659556,611.3325325403013,46.77621743414873,1268.0387360757877,46.77621743414873,66
5,329,2086.353389995085,581.9382847343907,45.994793490761985,1057.1573189392498,45.994793490761985,61
6,260,1416.4371374406674,344.110025032055,28.098841078650775,895.3195855433396,28.098841078650775,39
7,201,1450.6412186278715,498.51359711489977,33.154235090098055,570.5108644167764,33.154235090098055,44
8,152,976.621735944376,324.1499699937082,18.977737669771557,279.5272770319405,18.977737669771557,28
