,pressure,error_sum,speed_sum,denominator,angle_sum,angle_denominator,yield
0,828,256794.00986830535,59817.004256513974,7184.202183811318,277762.445646953,7184.202183811318,8361
1,707,251126.28019381838,59367.49351552359,6942.4488584155815,265888.11029069946,6941.578502719642,8040
2,597,240697.028944471,56727.85667533483,6506.64761326536,245440.87661047935,6506.64761326536,7461
3,497,216411.02931130517,52472.80138102563,5820.541591497706,203625.7963944194,5819.919076861068,6616
4,408,189209.58724643802,47052.83381276234,5070.074196103598,169341.16806047608,5069.076061305176,5720
5,329,168251.28351023176,42289.842190402866,4436.266668916832,144281.16859817447,4436.266668916832,4962
6,260,146025.98813335586,37478.79908291302,3738.800674108055,110416.81239691815,3737.8092292466813,4176
7,201,125828.26716129886,32910.69895758524,3220.7236951947575,89921.8183276494,3219.9520706113694,3623
8,152,138212.59452168958,35071.707766944295,3318.766513324111,89749.56027664786,3318.1038932758956,3764
