,pressure,error_sum,speed_sum,denominator,angle_sum,angle_denominator,yield
0,828,272725.53591271135,62853.95593571265,7678.877723299258,307310.6551118154,7678.106098715871,8928
1,707,276853.8185038231,64643.400102071086,7659.959267532814,299201.1618684421,7659.959267532814,8854
2,597,257752.36679865583,60908.913349229195,7052.603198174589,264314.58432832133,7051.809844834298,8100
3,497,237607.44964518418,57068.36088190276,6400.554532710911,230505.65260576396,6398.703345677851,7275
4,408,202367.83750014874,51364.29691998304,5441.122356249028,177667.38503106165,5437.282309561531,6129
5,329,177431.82126765815,44830.692572493106,4585.006182389696,144149.96437361214,4585.006182389696,5125
6,260,150751.4599931284,38650.15414336082,3824.32122477674,108184.78275855583,3823.3221765551584,4277
7,201,137280.4024012775,36939.055775388246,3455.9707019933744,87848.13045706901,3455.9707019933744,3896
8,152,146630.50200125508,38654.94140108708,3564.560700714232,87743.543236465,3564.560700714232,4081
