,edges,rmse,shear,shear_era5
0,"-30,30",2.3588195951210476,10.967223792168314,9.415030334531382
1,"30,70",2.3648161352369366,8.00057345520854,8.149190707347612
2,"-70,-30",2.4086020558979264,15.316626247791591,13.892549116247324
