,pressure,error_sum,speed_sum,denominator,yield
0,118,45788.31714938287,8067.660369899936,1006.4481425587139,1247
1,161,37697.891307038655,12685.013601722776,916.5822944123915,1098
2,212,27208.086475341122,7057.898308916859,636.7973276283574,789
3,273,29395.579452732763,6941.877306813978,623.4159838110314,761
4,344,29616.26288478416,9543.132073927887,700.3771176165229,864
5,425,32658.54696912817,9417.414862119987,875.5734584837,1068
6,516,50375.45781639947,8218.902490222517,1195.4541321623583,1445
7,618,55900.94425264985,8770.848867569051,1373.9504635687365,1688
8,730,47436.288164816084,8500.144121129766,1338.3304719300688,1675
