,edges,rmse,shear,shear_era5
0,"-30,30",2.4445387911358787,10.757306293997205,8.692193088411297
1,"30,70",2.6780727637018176,9.102181930461642,7.065680793315927
2,"-70,-30",2.4908443477869824,16.61695926422378,10.216907054242068
