,pressure,error_sum,speed_sum,denominator,yield
0,828,250282.1739782755,38024.01196583649,8164.879078420287,9495
1,707,269845.883990993,43404.892820978224,8043.8054373475115,9380
2,597,261468.3626221989,43655.20502793702,7309.437428488769,8420
3,497,234010.46747688737,49365.74571830521,6428.555621042289,7427
4,408,202993.31737517958,44296.49361815014,5269.579077901017,5991
5,329,180966.956069662,46445.321212355346,4461.914861864994,5079
6,260,159413.3908706454,42185.9930001843,3681.2123836211063,4200
7,201,137308.9839795156,35288.61622684571,3005.561159471316,3443
8,152,131596.7624724823,43336.096580310405,3176.084946206182,3662
