,pressure,error_sum,speed_sum,denominator,angle_sum,angle_denominator,yield
0,828,85450.1625769913,17062.17956466351,1746.3921990662777,77250.29139314838,1745.5305699058363,2059
1,707,82587.00738616854,17138.093089469538,1683.7629519919249,72046.97476588881,1683.7629519919249,1975
2,597,77145.9715859362,16656.72857424662,1582.526226997584,63943.86881580259,1580.7783064070763,1839
3,497,71196.54030136223,16089.302725095291,1462.2820918706195,52994.03070514525,1461.333768215413,1676
4,408,63905.924348105036,14980.759813215747,1291.816682553637,45400.778408012964,1291.816682553637,1484
5,329,60438.654958000334,14167.79360773031,1239.8685827187292,42615.477946372106,1239.8685827187292,1414
6,260,50431.47194944203,12277.518090404657,1028.7268992444917,32928.93617209481,1028.7268992444917,1166
7,201,45299.27536939296,11407.79048397698,907.3251554954069,27997.36319144672,907.3251554954069,1038
8,152,44540.32237405479,12352.726209661514,937.0000562929829,25111.564158605994,937.0000562929829,1084
