,pressure,error_sum,speed_sum,denominator,yield
0,118,132800.39642127423,29796.61946516823,3168.633818330587,3589
1,161,114694.72600985794,27186.433918765273,2503.8003597977286,2850
2,212,118638.04021266394,31273.9470777206,2695.416561067052,2968
3,273,124697.21933882085,31504.91120911947,2718.436986901848,3030
4,344,148898.72312715874,34669.953224706136,3137.1802200686384,3514
5,425,172603.94040327964,34615.25339260552,4044.0630894985275,4509
6,516,183482.24433976997,32301.84343554062,4719.3343720830735,5278
7,618,220508.31503401406,34987.90755351497,5604.12023297797,6269
8,730,224641.94128652624,35672.71002852802,6161.733000178305,7004
