,pressure,error_sum,speed_sum,denominator,angle_sum,angle_denominator,yield
0,828,85354.0265917977,17586.518965330826,1750.782528791708,77257.58461169493,1750.782528791708,2056
1,707,83498.05756746118,17391.860131939433,1656.2875956427524,69289.10886587565,1656.2875956427524,1925
2,597,75874.7505642552,16479.972902262467,1545.0187962050265,62558.4697439243,1545.0187962050265,1777
3,497,73957.91105206299,16263.696267320676,1476.372165209168,57346.19486271204,1474.7159733052756,1675
4,408,62160.926480496506,14745.863914239571,1290.0804027697516,45316.635883902636,1290.0804027697516,1454
5,329,57478.54097518005,13893.887875806442,1173.745694390981,37167.74786854439,1173.745694390981,1320
6,260,47087.87719073759,11740.985839039986,944.5016929575356,30025.018352779633,944.5016929575356,1059
7,201,41273.027503844336,11124.343568959463,857.1701714415449,23917.130636138914,857.1701714415449,962
8,152,43122.28852004358,12131.404858390464,886.8241366908159,22769.87239695084,885.8937191228339,1015
