,pressure,error_sum,speed_sum,denominator,angle_sum,angle_denominator,yield
0,828,4032.5237439483553,1011.1903524367574,84.72360661530105,2794.4246227934177,84.72360661530105,118
1,707,3956.598204770942,1064.4993908838603,78.31469436924132,1874.3512038253,78.31469436924132,112
2,597,3115.9583801010344,775.2892419111959,58.96546497052577,1625.0709591526027,58.96546497052577,84
3,497,2633.5513109117865,688.0040262880763,51.94226249687179,1636.1270635892283,51.94226249687179,73
4,408,2218.3909371424747,658.2847029513673,47.430307206182405,1110.3385043113901,47.430307206182405,67
5,329,2064.328316558692,706.9024810526212,48.44014447490636,936.2641784424218,48.44014447490636,68
6,260,1523.657242800797,435.1051688861868,31.323262140769643,797.8446145636902,31.323262140769643,44
7,201,1281.7320549745482,342.84167868711705,22.95722002146838,538.7070892003028,22.95722002146838,32
8,152,1223.9478521191104,396.7094269350531,23.998031112303,361.56621253898055,23.998031112303,34
