,pressure,error_sum,speed_sum,denominator,angle_sum,angle_denominator,yield
0,828,258240.46038919612,60427.30409335999,7239.399436790229,282241.7140008029,7239.399436790229,8430
1,707,249069.1426369054,59702.237839037465,7206.066143932866,273258.9946865443,7206.066143932866,8370
2,597,243969.99673743753,58056.114752475405,6793.6475765056575,249462.44832767494,6793.6475765056575,7856
3,497,227779.1156755287,55417.04500605727,6269.868598119706,223439.78891303486,6268.966012835356,7211
4,408,211592.1140256852,51788.13402506981,5700.880246301114,189160.97065840295,5699.0607239141245,6518
5,329,193173.4983908996,48305.321720210224,5289.107655098247,171492.33729819112,5287.452672597514,6023
6,260,175506.69820085148,44100.46168334739,4647.368068219066,142484.56345846094,4647.368068219066,5248
7,201,161204.91104089082,41318.123080280195,4174.2044286322935,120936.67518123017,4173.400571771676,4721
8,152,165365.59647090023,41993.90176984629,4310.29850274938,128400.95408267465,4309.298845424404,4935
