,pressure,error_sum,speed_sum,denominator,angle_sum,angle_denominator,yield
0,828,85660.90392744468,17061.8947438839,1738.8444350937625,75656.81346207531,1738.8444350937625,2037
1,707,87595.63283540134,17777.404692463442,1752.9261082837338,78016.86259890345,1752.9261082837338,2038
2,597,78501.17365021273,16774.05780735296,1565.8071879558033,64681.4610209538,1565.8071879558033,1804
3,497,73046.3592190151,15959.284914477288,1489.9111984572367,58568.18828687357,1488.912150235655,1701
4,408,61795.09743287155,14868.842562813827,1253.4333284185489,42336.82190474692,1252.6507202616965,1422
5,329,55981.5903262083,13500.888262961222,1104.6034156624946,38538.53518321608,1103.7164048293166,1252
6,260,45818.00408314424,11748.075948519241,928.7193479445709,27897.053108436005,928.7193479445709,1038
7,201,41837.92072929434,11065.08050345233,843.0740239662317,24219.33809836666,843.0740239662317,953
8,152,45001.070312213116,12088.853287070526,915.1686653752727,25838.919353430065,915.1686653752727,1040
