,pressure,error_sum,speed_sum,denominator,angle_sum,angle_denominator,yield
0,828,250283.5431920484,56740.94523002772,7005.513462893907,285993.0647121664,7005.513462893907,8175
1,707,242916.69510665478,57638.617662182114,6890.508267149719,260093.17582546407,6888.94529672259,8019
2,597,229753.14029423925,55706.71377711207,6521.057837991263,240576.98929897143,6521.057837991263,7544
3,497,225538.3316671344,54799.93286212967,6201.5107104419985,221062.43668246784,6201.5107104419985,7146
4,408,201942.853324074,49159.86991707109,5490.438011438016,186950.81637965687,5489.484294487267,6274
5,329,184983.72486107404,47142.67783122868,4979.790659073031,152671.6458588917,4977.011261267446,5660
6,260,167935.63302202575,42600.33997478895,4288.305316209693,125528.64898745704,4287.568038872882,4861
7,201,157123.98606474945,41113.51084651018,3962.4714182700327,106396.80634305795,3962.4714182700327,4502
8,152,158910.5900083915,40735.994076924246,4071.097333164596,117703.0974246592,4071.097333164596,4670
