,pressure,error_sum,speed_sum,denominator,angle_sum,angle_denominator,yield
0,828,1541692.368821078,65006.92931115833,9290.041588225644,660603.3698868086,9290.041588225644,10979
1,707,1663435.6477887826,67092.42290419736,9417.975674927888,594669.2641568313,9417.975674927888,11140
2,597,2250883.0149744526,76053.71510677984,9472.962723598781,630214.1952539962,9472.962723598781,11203
3,497,3466155.8189699613,92096.00945854929,9491.96162788003,586432.9735552303,9491.157771019412,11226
4,408,4582634.250773069,120801.20407478271,9491.96162788003,504053.35762693075,9491.236253509018,11226
5,329,7680184.479136087,161270.7781272077,9491.96162788003,556410.71229527,9491.96162788003,11226
6,260,12216842.511531767,205410.8807206173,9491.96162788003,541716.0493221483,9491.96162788003,11226
7,201,14737975.094721504,203065.89440330607,9491.96162788003,649381.3211068957,9491.96162788003,11226
8,152,12564709.8959504,187251.94816673396,9491.96162788003,600136.6335895703,9491.082810767368,11226
