,pressure,error_sum,speed_sum,denominator,yield
0,118,127692.45904327324,23265.4532017511,2638.3796621565853,2925
1,161,108974.51369015957,25643.38938609533,2355.4392716292887,2626
2,212,114712.61821107395,30268.19486664491,2412.3178710388756,2743
3,273,123784.75495595527,39293.52540295913,2760.5917531803407,3185
4,344,164175.7815035246,43442.827345000944,3505.261327932231,3960
5,425,176291.49779001513,43275.599074300546,4204.308926423977,4786
6,516,202540.5428209395,40805.3620408227,5394.897193471255,6065
7,618,225250.37908680845,38640.45119041119,6281.698343990016,7122
8,730,225684.57931235855,34486.25838226571,6584.013180236405,7512
