,pressure,error_sum,speed_sum,denominator,angle_sum,angle_denominator,yield
0,828,83517.71685613715,15853.291908254902,1665.9342641921758,79730.26120885293,1665.9342641921758,1955
1,707,83159.35826449709,17022.95881529839,1653.5110421216411,70693.21106145247,1653.5110421216411,1932
2,597,73125.16916207256,15325.723537117861,1460.6167998475125,58528.61286996335,1460.6167998475125,1693
3,497,64858.41165219061,14559.798230674787,1299.0649942464863,48067.93866914568,1299.0649942464863,1498
4,408,60505.47925062855,14599.78147173406,1214.3023142783113,38181.969648502854,1212.3427633636275,1384
5,329,52623.5977663701,13194.037172911783,1079.2384043402599,34868.94236031586,1079.2384043402599,1223
6,260,47897.07194407352,12057.384392059817,955.9358424120385,29319.831822472333,955.9358424120385,1078
7,201,40356.46142641454,10542.447062826319,808.3414079918145,22806.225964166722,807.9749067650903,924
8,152,42147.43291453706,10862.746279916666,859.4202446847117,25679.11170784592,859.4202446847117,998
