,pressure,error_sum,speed_sum,denominator,angle_sum,angle_denominator,yield
0,828,256330.3274697615,60597.19305667157,7276.370366833551,279875.88898049004,7275.657116384396,8531
1,707,258398.05406895906,60706.8205956419,7284.440774631813,283965.62160741846,7284.440774631813,8546
2,597,243517.76863775429,58182.712014239034,6862.871693930726,257077.01791685948,6862.871693930726,8001
3,497,234921.25027883664,56116.868811663306,6460.8087612155705,234390.93957028404,6459.4199205588,7504
4,408,218011.26726470896,52911.49370039007,5852.76320714314,196334.68450383595,5852.76320714314,6748
5,329,199009.3253737861,50477.606731410975,5311.778085763018,168002.84477362342,5310.953959574396,6102
6,260,172104.2542184239,44015.23660248856,4486.748189804116,130597.748160054,4486.010912467306,5107
7,201,153227.2086732076,40256.69825515389,3940.0760885160594,107876.14724037152,3940.0760885160594,4492
8,152,161079.74447448755,40372.622695928745,4199.298324146876,130927.95048579173,4199.298324146876,4808
