,pressure,error_sum,speed_sum,denominator,yield
0,118,4859.481885485843,4992.648240061016,620.9843199153594,681
1,161,3439.1119297052046,4885.349128383386,460.4327000398728,535
2,212,3013.610340793944,3877.7883472816975,383.9963300819455,444
3,273,3950.712680078851,5926.8272277044825,507.92291410429146,577
4,344,5524.6308573804945,9259.279651290139,731.2475998368318,830
5,425,6562.896291554684,7493.057337547704,817.5787236171078,929
6,516,7722.982191396073,5920.363087581153,1012.4271486081187,1128
7,618,9663.448893804869,6763.531198115694,1186.9521853926196,1326
8,730,12137.933978956109,7661.777052494898,1560.3311093779869,1749
