,pressure,error_sum,speed_sum,denominator,yield
0,828,14701.773275010775,8585.111263415405,1869.3687475666086,2178
1,707,12453.583789988672,7073.890953373999,1587.0730934244827,1869
2,597,10524.862676578421,7449.361540860274,1393.166947026251,1642
3,497,9268.785541564299,7523.665596119111,1156.0779331842346,1318
4,408,7287.455185465722,7438.9681043259625,939.3749018177468,1080
5,329,5128.149610844019,6240.272573178516,669.1326179207658,781
6,260,4507.402224235217,6202.34157048646,553.2417891691206,653
7,201,4043.9443102287405,6282.0702721422695,514.7623172002745,678
8,152,5429.897982811238,8787.39563289667,657.2552178847853,847
