,pressure,error_sum,speed_sum,denominator,yield
0,118,8772.70803684632,9747.987015559018,1145.1031319401388,1247
1,161,4392.484776245502,5546.947597904781,568.4899968795934,656
2,212,3243.407299329199,4971.9424907319435,408.44127536357917,491
3,273,5007.647753931139,7457.965868303089,653.5193114588648,759
4,344,5408.218800677063,5941.968306301615,705.6658380403281,804
5,425,8564.18222557136,10558.732778013784,1094.2622198419272,1220
6,516,10753.407216313397,9851.43022618383,1459.7068677329478,1642
7,618,10998.763427180047,7623.121701339632,1383.9243902695016,1583
8,730,15233.062413980075,9792.885101509753,2089.2881873352053,2355
