,pressure,error_sum,speed_sum,denominator,yield
0,118,5922.132524649626,6925.033229985627,785.7677631363698,884
1,161,4444.118802388335,5742.3324278701775,579.7870868186843,657
2,212,4590.100201941424,6886.398372275288,606.6771600509653,670
3,273,4926.3940412719485,7076.44995664797,633.1617314251562,713
4,344,6170.9430210452265,9718.117661776196,824.2726373828282,917
5,425,8420.352577074153,8417.511275934074,1065.7724968041923,1188
6,516,12695.074943568876,10538.566668132155,1545.969859344524,1723
7,618,12573.138203568109,10454.69628230935,1697.8958439373562,1892
8,730,13772.317137869812,10767.351695105524,1842.877268657323,2092
