,pressure,error_sum,speed_sum,denominator,yield
0,118,5322.402097039344,5711.104084341231,644.9858684042142,825
1,161,2989.905180318737,4788.019108050991,394.5720574765659,539
2,212,2607.0908253816992,4159.600938096018,337.1628182892876,496
3,273,3564.297044896677,5125.659000105067,446.99475586645394,561
4,344,3201.3998215070224,4349.8943063370825,399.5660789984595,488
5,425,4033.657601175031,4263.221068854517,530.3346179057057,637
6,516,7608.840609246853,6467.11822151684,1013.0233891115861,1152
7,618,6756.235940173317,4698.864876927945,819.5803721142847,943
8,730,10549.031793780612,7311.160553877768,1465.4602221747919,1717
