,pressure,error_sum,speed_sum,denominator,yield
0,118,3499.1881698783714,3311.2018122138975,400.02694454456804,443
1,161,3554.4259759501874,4564.00261745485,445.86463862823337,499
2,212,3295.022948839233,5613.162181744939,417.28994724632514,486
3,273,4528.1766544407055,7785.147127868719,555.9210003361823,648
4,344,4995.539949277467,7256.112080841085,609.9115544597563,683
5,425,7503.867998372749,9472.489709893354,989.2005426692007,1114
6,516,12410.748384700239,10321.403745504935,1551.5319986423206,1722
7,618,14184.874883388327,10553.223184567252,1940.4653707870393,2158
8,730,17458.259072882825,10107.80151816598,2153.106346194631,2408
