,pressure,error_sum,speed_sum,denominator,yield
0,853,9399.29513485226,6312.844190649775,1271.4876464529873,1533
1,707,10261.246578561688,8053.956200859616,1392.434369780058,1627
2,497,7035.65624529174,8110.67331265806,994.4185908664992,1157
3,408,5913.616694760071,5795.189759135069,775.4037205208965,868
