,pressure,error_sum,speed_sum,denominator,yield
0,118,6248.072443987452,8039.69404915744,784.2464604878379,879
1,161,3417.4361053130883,5158.863624432944,433.92624990395416,490
2,212,3065.4689582655933,5367.91909220996,392.30355841559725,450
3,273,2514.4003104780295,4050.301786584787,315.0873266145556,366
4,344,4030.2337689068654,6218.648181257699,520.0108281059347,583
5,425,5997.957237902426,8041.857057329462,739.9990234231163,850
6,516,9014.29451833985,8999.449480161336,1212.0234403823126,1361
7,618,14849.209614232344,11124.19362006025,1844.0186042540213,2070
8,730,14922.10182821604,9803.46780752841,2001.634917416962,2227
