,pressure,error_sum,speed_sum,denominator,yield
0,118,5810.805092354203,6952.706168497913,737.352654736009,808
1,161,3692.3264029428783,6105.098004637504,466.3232773169766,537
2,212,2798.8525300342712,5515.222499679307,342.47651837455464,394
3,273,3922.707568080687,6716.368888702767,476.5264360835252,539
4,344,4356.129195911211,6718.945833057587,593.6910226698977,691
5,425,6960.92182080749,7831.538566698143,861.4612287373047,965
6,516,8869.146961587934,8330.396768412442,1187.1672257031275,1346
7,618,10426.928362438895,9416.15596779271,1373.7716110858796,1542
8,730,15479.650514573172,10057.220966959076,2016.741227996541,2243
