,pressure,error_sum,speed_sum,denominator,yield
0,118,6119.475946030475,7521.6452891542485,766.0164684249903,848
1,161,4679.591258633607,7410.88739025895,625.1035788387239,711
2,212,3815.451277140904,5454.955322143735,497.8472492555378,593
3,273,4022.9283558819843,6840.961321087477,525.2104410445405,588
4,344,4286.51728798356,5886.342924177257,580.4804989076753,643
5,425,6419.775145859355,6321.119470039505,847.8471080081036,942
6,516,9697.551064954481,7419.625263317517,1284.3571393699401,1428
7,618,14086.291225144145,11693.035325796503,1836.366050031177,2039
8,730,17356.247008852562,12497.744273130229,2382.7383708610105,2692
