,pressure,error_sum,speed_sum,denominator,yield
0,828,540.7626410814638,496.77869352184683,77.92662616974951,110
1,707,277.43455518652206,279.44968305492654,34.11357824198798,50
2,597,676.2920279456243,853.9661870179624,82.15371028703622,111
3,497,507.431670146146,882.0880528269358,70.85882747922568,95
4,408,276.1016337757556,362.6539688350558,35.105914466954914,47
5,329,261.0384301541635,401.4560426475525,31.326948304162286,40
6,260,261.99648875285646,426.5839148103454,33.10969351725578,42
7,201,202.8252463703426,339.29296922847647,24.548090679547762,31
8,152,211.47959911888046,430.76322759857925,25.161801380640835,33
