,pressure,error_sum,speed_sum,denominator,yield
0,118,4800.67096828409,5251.582455947673,564.5149888927243,635
1,161,4227.440273197608,6283.058310218213,528.593569153036,610
2,212,2343.091808706125,4261.122933062416,311.07421445648026,363
3,273,4296.776885205858,6231.339437383439,541.443297208233,628
4,344,5189.615943213244,7020.469790030147,678.7131493185179,768
5,425,8007.199823534213,8600.245979426649,1027.9090766141535,1164
6,516,12807.154139589054,11705.070734671128,1653.2656194448746,1848
7,618,12048.11945500691,8344.366342765785,1602.182687240951,1780
8,730,16970.62171909462,10862.66234956491,2224.635246044372,2503
