,pressure,error_sum,speed_sum,denominator,yield
0,828,21403.91220475293,11848.579576330847,2676.4318163443595,3049
1,707,20612.640170674826,12780.68739484356,2779.7144449796165,3143
2,597,17089.751069209684,12811.93088822525,2260.573738885473,2532
3,497,13982.909529647197,11274.996872353897,1767.548738879532,1989
4,408,8402.099644817,10024.334559233068,1123.4436337455888,1278
5,329,8081.717064374948,9716.731644936497,1049.3187105676877,1148
6,260,5060.371724055072,7524.026492481666,636.0732166491739,719
7,201,3915.9769530655117,6252.871195589686,501.5119604982852,558
8,152,6114.045102716712,10936.53706975038,782.9738259208417,866
