,pressure,error_sum,speed_sum,denominator,yield
0,853,9537.194489691534,7173.643977278058,1266.511776121029,1438
1,707,11039.992387472079,9601.194283593399,1514.2463719419407,1746
2,497,5004.2714302684135,3942.736892911888,630.1146558100793,714
3,408,6258.419046366657,6941.842285208782,782.8903276568119,879
