,pressure,error_sum,speed_sum,denominator,yield
0,118,1638.8275966570388,1349.7964595105618,179.90949016602997,216
1,161,1600.8273649271648,2834.096477475553,204.50491849772678,240
2,212,1232.4050782817594,1544.3294025727,153.2614534092035,178
3,273,833.7708489008031,1396.5514121354424,105.61012837211642,128
4,344,1362.600451839686,2186.82070814895,167.65676606866398,202
5,425,1751.7511512818064,2666.273935587731,273.55856718960865,311
6,516,2291.052394657837,1899.8695395094294,284.61515869192135,331
7,618,2474.9416857126776,1342.8437686146135,280.4942348582271,330
8,730,3073.9130092195846,2167.7682292924414,457.26818533086276,538
