,pressure,error_sum,speed_sum,denominator,yield
0,828,21279.714809728423,12680.611084810285,2719.8889549301875,3094
1,707,18041.65359877741,10930.328264039192,2378.7932435261037,2662
2,597,17296.51073619255,11384.078890158204,2233.419366359505,2462
3,497,13964.680935159111,11747.223443356132,1785.757008698478,1993
4,408,11663.136990938452,12587.052761407922,1574.293176250991,1743
5,329,8916.835411630967,10988.88359692159,1155.9975237731358,1293
6,260,6545.217842520294,9146.196681513598,822.6478634577339,919
7,201,5300.085015618488,7467.3337641866865,712.3130092281607,803
8,152,6026.56081579567,9772.802349049432,759.9247367567606,850
