,pressure,error_sum,speed_sum,denominator,yield
0,853,6058.660978854625,5041.773781669795,789.9370947690201,941
1,707,8209.095262102246,6461.788314293633,1037.362266870086,1240
2,497,4945.956010101661,4295.502360820756,622.4415265824512,733
3,408,3111.2306044393736,3494.28863509113,404.84693072533815,497
