,pressure,error_sum,speed_sum,denominator,yield
0,853,9715.797634541213,6878.311357740809,1286.4374025034463,1488
1,707,11551.739334016635,8897.303669428835,1501.9622952931907,1707
2,497,7507.005502714235,7033.531892118216,923.6547561803868,1038
3,408,6356.305325332534,7706.488543883991,846.2894758225914,958
