,pressure,error_sum,speed_sum,denominator,yield
0,828,20058.810488523286,11774.852208638493,2695.4592441487252,3092
1,707,17124.750809394853,11048.928452873874,2180.9079724592852,2495
2,597,16331.09011281603,11299.420731317523,2162.8550388500385,2401
3,497,11767.967845627385,9402.699209882927,1541.3616476134864,1701
4,408,11266.491412403431,11662.409591476102,1479.46025590978,1636
5,329,7333.334226266713,8568.666673456943,932.7016131855363,1030
6,260,5823.086356781451,7723.031595018834,732.1686489320599,823
7,201,5592.279459754942,8107.671018941435,754.3039210439458,852
8,152,6886.959629539893,9493.306996518842,874.3732411930566,980
