,pressure,error_sum,speed_sum,denominator,yield
0,118,82.8720030269576,126.97120678905729,12.335739369648007,21
1,161,192.1015917738034,345.0123987596527,27.327036173555925,33
2,212,62.40664008661565,17.822507669323414,6.819563059224075,8
3,273,54.0333306042964,84.23113082258413,7.433394224677299,14
4,344,179.16012858116588,341.0237166201314,19.43677081696679,28
5,425,340.32110137586835,468.927841158454,47.68360593467862,68
6,516,291.0134907739555,579.2403108525584,32.99215261285664,46
7,618,208.64141774202656,329.3802870294702,24.41436555346946,32
8,730,247.68231423722892,384.0149634367025,35.06938974898897,46
