,pressure,error_sum,speed_sum,denominator,yield
0,828,20357.014421681146,11313.481460705667,2743.4011112716153,3108
1,707,19458.043777560706,12467.670683192167,2631.4493870393217,2977
2,597,16207.172291978348,12208.00419637202,2138.348330689147,2417
3,497,10793.419369472584,10081.180495197621,1395.5414177751784,1567
4,408,10202.354210190088,10284.19822153276,1330.195984186932,1483
5,329,7750.194518346213,9854.037504780621,1029.7338238773928,1147
6,260,6425.295050364067,8509.271027196293,814.2210816551899,939
7,201,5661.675183915592,8379.532977789713,726.1283034438483,813
8,152,6426.297853394225,8523.418970978919,843.1547626438227,941
