,pressure,error_sum,speed_sum,denominator,yield
0,828,4395.779640678125,2551.317547986244,576.6399809840015,722
1,707,3862.8953630522315,2065.405145948857,527.4927951335007,631
2,597,4090.6985917417305,2246.9223205564267,515.5515767754875,624
3,497,2180.984422328957,1699.4274349482398,271.4141974018954,321
4,408,1865.6583676373366,1996.4227970341408,254.88786650647964,309
5,329,1585.7197385072575,2564.4608798123927,198.76078977605894,237
6,260,1533.9581919602742,2075.718789864945,190.7020619131513,216
7,201,1818.4783937699738,3083.0931979425422,225.52981740859644,263
8,152,1638.933855987599,2221.966639609482,196.32764807770948,236
