,pressure,error_sum,speed_sum,denominator,yield
0,853,2584.0861731218715,2124.2958712379873,364.2533956159891,486
1,707,3607.0409080815793,2722.401146243664,515.1040414961033,627
2,497,1284.6852580726954,1389.2085386106564,158.07601733589286,185
3,408,1225.1199823442494,1301.6096867661097,157.4463612844209,181
