,pressure,error_sum,speed_sum,denominator,yield
0,118,5764.921138904667,6723.530394942538,745.2169823741301,838
1,161,4013.327234914003,4719.210508032979,498.4823745216187,571
2,212,4855.626328357833,6502.840887738477,593.4963668339569,651
3,273,3839.9696170736365,6228.466379624269,474.93240958287737,533
4,344,4284.488280218816,5678.326388835886,551.0027837189649,626
5,425,6963.2410826626265,7126.939620927135,920.6900393982136,1008
6,516,10297.960751829882,8077.758008596494,1321.0559128968468,1465
7,618,11118.17416520114,7189.990948736947,1444.553656991766,1585
8,730,13219.770281871319,10098.738542540043,1827.2636012555574,2060
