,pressure,error_sum,speed_sum,denominator,yield
0,853,9805.086732943635,6429.7513676916105,1241.1033100576715,1441
1,707,11440.064830956755,8621.760216079518,1483.1596177395181,1711
2,497,6898.606468412333,8689.310165117822,975.3230868881435,1115
3,408,6305.366316077112,6349.080385699177,794.1831869025891,912
