,pressure,error_sum,speed_sum,denominator,yield
0,118,6563.757351170272,9314.44615642643,868.4707599571755,940
1,161,5200.803138801238,8080.505621071153,664.0931230849783,749
2,212,4644.3837041577135,6695.46899695322,584.9647413719907,648
3,273,3953.9403414960493,6810.137193181193,499.09955212068496,578
4,344,5233.052597657309,7644.9285368277515,684.2055360663735,788
5,425,5828.441164922362,8550.156676416658,747.978203668616,865
6,516,10000.020828301926,9560.044441780701,1326.3260609158074,1469
7,618,13578.38138072073,11459.020645880008,1827.096410360566,2004
8,730,15810.453510503607,11050.128901711716,2054.089676592412,2315
