,pressure,error_sum,speed_sum,denominator,yield
0,853,8623.015326817296,7666.523163563042,1171.3619544496821,1417
1,707,9255.791323963562,7737.105946726935,1188.7075795533112,1379
2,497,6700.944935053622,5443.559531613661,888.7402941582883,992
3,408,5699.209513462857,5558.467105665512,711.5500807403932,785
