,pressure,error_sum,speed_sum,denominator,yield
0,853,11405.034023566526,8609.19741730403,1531.5386406962264,1774
1,707,11785.203296986647,9801.61310145164,1614.483166923472,1818
2,497,9083.845501210908,9536.70889825857,1169.1990678583404,1312
3,408,5635.412151552292,8050.899236289113,686.1557728168603,786
