,pressure,error_sum,speed_sum,denominator,yield
0,828,18175.189921432393,10264.480403101525,2509.634123881723,2859
1,707,14578.844628260445,8029.127281396199,1873.0599416466682,2120
2,597,12002.361274394354,8518.759154237261,1495.3686463467732,1693
3,497,9808.061076452583,8651.036342704541,1302.8252634674525,1491
4,408,8481.343048896084,8452.820431451408,1060.30785767268,1194
5,329,6906.7604373346485,8324.560792262271,910.7341639746294,1010
6,260,4703.058893406413,6875.3683860790625,599.2713574994868,681
7,201,4133.683348892948,5632.9932995798,526.7468597325343,588
8,152,5460.768836441499,7383.39472582169,699.9444403207793,789
