,pressure,error_sum,speed_sum,denominator,yield
0,828,19535.150283909566,11580.555679725787,2616.347501075553,2976
1,707,18001.92952921646,10496.762605064745,2351.4575476460986,2642
2,597,15932.081618481683,10875.77566514312,2105.730803487916,2364
3,497,14755.832742663111,12791.97672124017,1913.044502784929,2146
4,408,12465.809047041435,13045.28993628245,1594.8122683644071,1774
5,329,8722.26372800956,10281.178977551826,1089.6708993045117,1222
6,260,7053.3145987410135,11122.19108643029,893.1818904372509,1007
7,201,5147.117333993551,7432.605842982087,659.4377455619011,731
8,152,5170.125850479176,6973.002450934162,637.930213832397,685
