,pressure,error_sum,speed_sum,denominator,yield
0,118,4976.643208743444,5613.860901511979,616.8501441611415,682
1,161,3630.1410080784785,5224.717767193634,430.3905465801349,511
2,212,2848.6724991173287,4554.6780958696845,377.93482619851227,453
3,273,4168.337861073196,6006.301714621893,545.444680090103,638
4,344,5606.340381786707,8623.308586923846,735.1978073927407,841
5,425,7535.942403450292,7581.218898949234,883.8348618729727,995
6,516,9620.978425772933,9357.05054070948,1314.5162233525464,1440
7,618,12230.281048084458,9404.257288585064,1598.9006508441737,1778
8,730,13754.964120245575,8998.360623343393,1732.5690342615196,1976
