,pressure,error_sum,speed_sum,denominator,yield
0,853,10510.311142074986,7544.2504510701365,1414.587191670009,1664
1,707,9986.83697207306,8305.390604397764,1291.7801353940038,1494
2,497,5895.546052774527,6258.824167577226,749.7790087254737,868
3,408,3198.153410533234,3897.5486416809995,382.88548578655474,450
